,open,high,low,close,adjusted_close,volume,dividend
2024-07-26,227.01,227.78,214.62,217.96,217.96,242848766.0,0.0
2024-07-19,236.48,237.23,222.27,224.31,224.31,278397452.0,0.0
2024-07-12,227.09,233.08,223.25,230.54,230.54,287640514.0,0.0
2024-07-05,212.09,226.45,211.92,226.34,226.34,216231316.0,0.0
2024-06-28,207.72,216.07,206.59,210.62,210.62,335969485.0,0.0
2024-06-21,213.37,218.95,207.11,207.49,207.49,506265358.0,0.0
2024-06-14,196.9,220.2,192.15,212.49,212.49,635755143.0,0.0
2024-06-07,192.9,196.94,192.52,196.89,196.89,245994434.0,0.0
2024-05-31,191.51,193.0,189.1,192.25,192.25,230454285.0,0.0
2024-05-24,189.325,192.8231,186.625,189.98,189.98,208652122.0,0.0
2024-05-17,185.435,191.095,184.62,189.87,189.87,288966571.0,0.0
2024-05-10,182.354,185.09,180.42,183.05,183.05,300674993.0,0.25
2024-05-03,173.37,187.0,169.11,183.38,183.1299,441926366.0,0.0
2024-04-26,165.515,171.34,164.77,169.3,169.0691,241302722.0,0.0
2024-04-19,175.36,176.63,164.075,165.0,164.775,309416498.0,0.0
2024-04-12,169.03,178.36,167.11,176.55,176.3092,321898799.0,0.0
2024-04-05,171.19,171.92,168.2302,169.58,169.3487,233688457.0,0.0
2024-03-28,170.565,173.6,169.45,171.48,171.2461,237622732.0,0.0
2024-03-22,175.57,178.67,170.06,172.28,172.045,361583938.0,0.0
2024-03-15,172.94,174.38,170.285,172.62,172.3846,364748130.0,0.0
2024-03-08,176.15,176.9,168.49,170.73,170.4971,393262265.0,0.0
2024-03-01,182.24,183.9225,177.38,179.66,179.415,354385890.0,0.0
2024-02-23,181.79,185.04,180.0,182.52,182.2711,192607112.0,0.0
2024-02-16,188.415,188.67,181.35,182.31,182.0614,268128941.0,0.0
2024-02-09,188.15,191.05,185.84,188.85,188.5924,252715796.0,0.24
2024-02-02,192.01,192.2,179.25,185.85,185.361,325909883.0,0.0
2024-01-26,192.3,196.38,191.94,192.42,191.9137,255368848.0,0.0
2024-01-19,182.16,191.95,180.3,191.56,191.0559,259829213.0,0.0
2024-01-12,182.085,187.05,181.5,185.92,185.4308,238385377.0,0.0
2024-01-05,187.15,188.44,180.17,181.18,180.7032,275083628.0,0.0
2023-12-29,193.61,194.66,191.09,192.53,192.0234,153541162.0,0.0
2023-12-22,196.09,197.68,192.97,193.6,193.0906,231859933.0,0.0
2023-12-15,193.11,199.62,191.42,197.57,197.0501,379414755.0,0.0
2023-12-08,189.98,195.99,187.4511,195.71,195.195,251797045.0,0.0
2023-12-01,189.92,192.09,188.19,191.24,190.7368,216481441.0,0.0
2023-11-24,189.89,192.93,189.25,189.97,189.4701,148351454.0,0.0
2023-11-17,185.82,190.96,184.21,189.69,189.1909,262880715.0,0.0
2023-11-10,176.38,186.565,176.21,186.4,185.9095,303653020.0,0.24
2023-11-03,169.02,177.78,167.9,176.65,175.9586,310075876.0,0.0
2023-10-27,170.91,174.01,165.67,168.22,167.5616,286078102.0,0.0
2023-10-20,176.75,179.075,172.64,172.88,172.2034,288377600.0,0.0
2023-10-13,176.81,182.34,175.8,178.85,178.15,241839090.0,0.0
2023-10-06,171.22,177.99,170.82,177.49,176.7953,260574027.0,0.0
2023-09-29,174.2,176.97,167.62,171.21,170.5399,285838995.0,0.0
2023-09-22,176.48,179.695,173.86,174.79,174.1059,297395196.0,0.0
2023-09-15,180.07,180.3,173.58,175.01,174.325,403746390.0,0.0
2023-09-08,188.28,189.98,173.54,178.18,177.4826,305126712.0,0.0
2023-09-01,180.09,189.92,178.545,189.46,188.7185,264199503.0,0.0
2023-08-25,175.07,181.55,173.735,178.61,177.9109,247514268.0,0.0
2023-08-18,177.97,179.69,171.96,174.49,173.8071,261498109.0,0.0
2023-08-11,182.13,183.13,176.55,177.79,177.0941,332501087.0,0.24
2023-08-04,196.06,196.73,181.92,181.99,181.0333,302694989.0,0.0
2023-07-28,193.41,197.2,192.25,195.83,194.8006,226011789.0,0.0
2023-07-21,191.9,198.23,191.23,191.94,190.931,310914135.0,0.0
2023-07-14,189.26,191.7,186.6,190.69,189.6876,250269110.0,0.0
2023-07-07,193.78,193.88,189.2,190.68,189.6776,170349466.0,0.0
2023-06-30,186.83,194.48,185.23,193.97,192.9504,281596832.0,0.0
2023-06-23,184.41,187.56,182.5901,186.68,185.6987,203677112.0,0.0
2023-06-16,181.27,186.99,180.97,184.92,183.9479,333836397.0,0.0
2023-06-09,182.63,184.951,177.32,180.96,180.0087,347854340.0,0.0
2023-06-02,176.96,181.78,176.57,180.95,179.9988,286176391.0,0.0
2023-05-26,173.98,175.77,170.52,175.43,174.5078,250354916.0,0.0
2023-05-19,173.16,176.39,170.4201,175.16,174.2392,258634688.0,0.0
2023-05-12,172.48,174.59,171.0,172.57,171.6628,250061982.0,0.24
2023-05-05,169.28,174.3,164.31,173.57,172.4178,360723248.0,0.0
2023-04-28,165.0,169.85,162.8,169.68,168.5536,254947569.0,0.0
2023-04-21,165.09,168.16,164.03,165.02,163.9246,249150510.0,0.0
2023-04-14,161.42,166.32,159.78,165.21,164.1133,263326290.0,0.0
2023-04-06,164.27,166.84,161.8,164.66,163.567,200156349.0,0.0
2023-03-31,159.94,165.0,155.98,164.9,163.8054,267939590.0,0.0
2023-03-24,155.07,162.14,154.15,160.25,159.1862,350159914.0,0.0
2023-03-17,147.805,156.74,147.7,155.0,153.9711,410519933.0,0.0
2023-03-10,153.785,156.3,147.6096,148.5,147.5142,313350829.0,0.0
2023-03-03,147.71,151.11,143.9,151.03,150.0274,274036517.0,0.0
2023-02-24,150.2,151.3,145.7202,146.71,145.7361,213742390.0,0.0
2023-02-17,150.952,156.33,150.85,152.55,151.5373,316887898.0,0.0
2023-02-10,152.575,155.23,149.22,151.01,150.0076,330758787.0,0.23
2023-02-03,144.955,157.38,141.32,154.5,153.241,480249683.0,0.0
2023-01-27,138.12,147.23,137.9,145.93,144.7408,338655715.0,0.0
2023-01-20,134.83,138.61,133.77,137.87,136.7465,271823466.0,0.0
2023-01-13,130.465,134.92,128.12,134.76,133.6619,333335284.0,0.0
2023-01-06,130.28,130.9,124.17,129.62,128.5637,369948527.0,0.0
2022-12-30,131.38,131.41,125.87,129.93,128.8712,307184140.0,0.0
2022-12-23,135.11,136.81,129.64,131.86,130.7855,384620427.0,0.0
2022-12-16,142.7,149.9692,133.73,134.51,133.4139,505728804.0,0.0
2022-12-09,147.77,150.9199,140.0,142.16,141.0016,341500071.0,0.0
2022-12-02,145.14,149.13,140.355,147.81,146.6055,401189067.0,0.0
2022-11-25,150.16,151.83,146.925,148.11,146.9031,204025457.0,0.0
2022-11-18,148.97,153.59,146.15,151.29,150.0572,382679685.0,0.0
2022-11-11,137.11,150.01,134.5933,149.7,148.4801,461034592.0,0.0
2022-11-04,153.155,155.45,134.38,138.38,137.2524,510660451.0,0.23
2022-10-28,147.185,157.5,144.13,155.74,154.2146,513092901.0,0.0
2022-10-21,141.065,147.8479,140.27,147.27,145.8275,397216487.0,0.0
2022-10-14,140.42,144.52,134.37,138.38,137.0246,424188362.0,0.0
2022-10-07,138.21,147.54,137.685,140.09,138.7179,435940423.0,0.0
2022-09-30,149.66,154.72,138.0,138.2,136.8464,577537048.0,0.0
2022-09-23,149.31,158.74,148.56,150.43,148.9566,473155533.0,0.0
2022-09-16,159.59,164.26,148.37,150.7,149.2239,568337936.0,0.0
2022-09-09,156.47,157.82,152.68,157.37,155.8286,313749966.0,0.0
2022-09-02,161.145,162.9,154.67,155.81,154.2839,389809404.0,0.0
2022-08-26,169.69,171.05,163.56,163.62,162.0174,307194601.0,0.0
2022-08-19,171.52,176.15,171.3101,171.52,169.84,322647151.0,0.0
2022-08-12,166.37,172.17,163.25,172.1,170.4143,318856922.0,0.0
2022-08-05,161.01,167.19,159.63,165.35,163.7304,322415021.0,0.23
2022-07-29,154.01,163.63,150.8,162.51,160.6947,370548915.0,0.0
2022-07-22,150.74,156.28,146.7,154.09,152.3688,360988692.0,0.0
2022-07-15,145.67,150.86,142.1201,150.17,148.4926,366480107.0,0.0
2022-07-08,137.77,147.55,136.93,147.04,145.3975,278295402.0,0.0
2022-07-01,142.695,143.49,133.7737,138.93,137.3781,373781666.0,0.0
2022-06-24,133.42,141.91,133.32,141.66,140.0776,315960327.0,0.0
2022-06-17,132.87,137.34,129.04,131.56,130.0905,541006195.0,0.0
2022-06-10,147.03,149.8697,137.06,137.13,135.5982,354396344.0,0.0
2022-06-03,149.07,151.74,144.46,145.38,143.7561,338923395.0,0.0
2022-05-27,137.79,149.68,137.14,149.64,147.9685,495921758.0,0.0
2022-05-20,145.55,149.77,132.61,137.59,136.0531,548244690.0,0.0
2022-05-13,154.925,156.74,138.8,147.11,145.4668,686227375.0,0.0
2022-05-06,156.71,166.48,153.27,157.28,155.5232,566193362.0,0.23
2022-04-29,161.12,166.2,155.38,157.65,155.6614,540082324.0,0.0
2022-04-22,163.92,171.53,161.5,161.79,159.7492,376576076.0,0.0
2022-04-14,168.71,171.27,165.04,165.29,163.205,297460188.0,0.0
2022-04-08,174.57,178.49,169.2,170.09,167.9445,390677922.0,0.0
2022-04-01,172.17,179.61,171.94,174.31,172.1112,465395123.0,0.0
2022-03-25,163.51,175.28,163.015,174.72,172.5161,438484780.0,0.0
2022-03-18,151.45,164.48,150.1,163.98,161.9115,501667481.0,0.0
2022-03-11,163.36,165.02,154.5,154.73,152.7782,521334165.0,0.0
2022-03-04,163.06,168.91,161.97,163.17,161.1118,418753837.0,0.0
2022-02-25,164.98,166.69,152.0,164.85,162.7706,413588646.0,0.0
2022-02-18,167.37,173.34,166.19,167.3,165.1897,364011266.0,0.0
2022-02-11,172.86,176.65,168.04,168.64,166.5128,412902045.0,0.0
2022-02-04,170.16,176.2399,169.51,172.39,170.2155,458553231.0,0.22
2022-01-28,160.02,170.35,154.7,170.33,167.9671,688670659.0,0.0
2022-01-21,171.51,172.54,162.3,162.41,160.157,397684401.0,0.0
2022-01-14,169.08,177.18,168.17,173.07,170.6691,422454950.0,0.0
2022-01-07,177.83,182.94,171.03,172.17,169.7816,482162362.0,0.0
2021-12-31,177.085,181.33,177.07,177.57,175.1067,337847299.0,0.0
2021-12-23,168.28,176.8499,167.46,176.28,173.8345,359176889.0,0.0
2021-12-17,181.115,182.13,169.69,171.14,168.7659,769789942.0,0.0
2021-12-10,164.29,179.63,164.28,179.45,176.9606,569227705.0,0.0
2021-12-03,159.37,170.3,157.8,161.84,159.5949,669981566.0,0.0
2021-11-26,161.68,165.7,156.36,156.81,154.6346,359933163.0,0.0
2021-11-19,150.37,161.02,149.34,160.55,158.3228,462419283.0,0.0
2021-11-12,151.41,151.57,147.48,149.99,147.9093,281026556.0,0.0
2021-11-05,148.985,152.43,147.8,151.28,149.1814,322688958.0,0.22
2021-10-29,148.68,153.165,146.4128,149.8,147.5074,392739936.0,0.0
2021-10-22,143.445,150.18,143.16,148.69,146.4144,340691290.0,0.0
2021-10-15,142.27,144.895,139.2,144.84,142.6233,354098233.0,0.0
2021-10-08,141.76,144.215,138.27,142.9,140.713,382910000.0,0.0
2021-10-01,145.47,145.96,139.1101,142.65,140.4668,441421358.0,0.0
2021-09-24,143.8,147.4701,141.27,146.92,144.6715,394033205.0,0.0
2021-09-17,150.63,151.42,145.76,146.06,143.8246,492884912.0,0.0
2021-09-10,154.97,157.26,148.7,148.97,146.6901,354897433.0,0.0
2021-09-03,149.0,154.98,148.61,154.3,151.9385,386760934.0,0.0
2021-08-27,148.31,150.86,146.83,148.6,146.3257,272129118.0,0.0
2021-08-20,148.535,151.68,144.5,148.19,145.922,429624447.0,0.0
2021-08-13,146.2,149.4444,145.3,149.1,146.8181,299050639.0,0.0
2021-08-06,146.36,148.045,145.18,146.14,143.9034,284559337.0,0.22
2021-07-30,148.27,149.83,142.54,145.86,143.4118,420947531.0,0.0
2021-07-23,143.75,148.7177,141.67,148.56,146.0665,441563639.0,0.0
2021-07-16,146.21,150.0,143.63,146.39,143.9329,504249326.0,0.0
2021-07-09,140.07,145.65,140.07,145.11,142.6744,418559640.0,0.0
2021-07-02,133.41,140.0,133.35,139.96,137.6108,321360130.0,0.0
2021-06-25,130.3,134.64,129.21,133.11,130.8758,354155878.0,0.0
2021-06-18,127.82,132.55,127.07,130.46,128.2703,456667151.0,0.0
2021-06-11,126.17,128.46,124.8321,127.35,125.2125,327048055.0,0.0
2021-06-04,125.08,126.16,123.13,125.89,123.777,278314493.0,0.0
2021-05-28,126.01,128.32,124.55,124.61,122.5185,357615057.0,0.0
2021-05-21,126.82,128.0,122.86,125.43,123.3247,386352101.0,0.0
2021-05-14,129.41,129.54,122.25,127.45,125.3108,514165627.0,0.0
2021-05-07,132.04,134.07,126.7,130.21,128.0245,453802325.0,0.22
2021-04-30,134.83,137.07,131.065,131.46,129.0355,501621389.0,0.0
2021-04-23,133.51,135.53,131.3001,134.32,131.8427,421246935.0,0.0
2021-04-16,132.52,135.0,130.63,134.16,131.6857,444178798.0,0.0
2021-04-09,123.87,133.04,123.07,132.995,130.5422,447820438.0,0.0
2021-04-01,121.65,124.18,118.86,123.0,120.7315,359904082.0,0.0
2021-03-26,120.33,124.24,118.92,121.21,118.9745,488825826.0,0.0
2021-03-19,121.41,127.22,119.675,119.99,117.777,626770404.0,0.0
2021-03-12,120.93,123.21,116.21,121.03,118.7978,586977280.0,0.0
2021-03-05,123.75,128.72,117.57,121.42,119.1806,663456753.0,0.0
2021-02-26,128.01,129.72,118.39,121.26,119.0236,680391444.0,0.0
2021-02-19,135.49,136.01,127.41,129.87,127.4748,362474097.0,0.0
2021-02-12,136.03,137.877,133.6921,135.37,132.8734,344357350.0,0.0
2021-02-05,133.75,137.42,130.93,136.76,134.2377,438264070.0,0.205
2021-01-29,143.07,145.09,130.21,131.96,129.3324,716990967.0,0.0
2021-01-22,127.78,139.85,126.938,139.07,136.3008,430065722.0,0.0
2021-01-15,129.19,131.45,126.86,127.14,124.6084,481518252.0,0.0
2021-01-08,133.52,133.6116,126.382,132.05,129.4206,610791157.0,0.0
2020-12-31,133.99,138.789,131.72,132.69,130.0478,439740666.0,0.0
2020-12-24,125.02,134.405,123.449,131.97,129.3422,433757134.0,0.0
2020-12-18,122.6,129.58,121.54,126.655,124.133,621758148.0,0.0
2020-12-11,122.31,125.95,120.15,122.41,119.9725,452278651.0,0.0
2020-12-04,116.97,123.78,116.81,122.25,119.8157,541563385.0,0.0
2020-11-27,117.18,117.6202,112.59,116.59,114.2684,364376131.0,0.0
2020-11-20,118.92,120.99,116.81,117.34,115.0035,389493361.0,0.0
2020-11-13,120.5,121.99,114.13,119.26,116.8853,589872919.0,0.0
2020-11-06,109.11,119.62,107.32,118.69,116.3266,609571825.0,0.205
2020-10-30,114.01,117.28,107.72,108.86,106.5084,684767901.0,0.0
2020-10-23,119.96,120.419,114.28,115.04,112.5549,519569644.0,0.0
2020-10-16,120.06,125.39,118.15,119.02,116.4489,881572555.0,0.0
2020-10-09,113.91,117.0,112.25,116.97,114.4432,548575054.0,0.0
2020-10-02,115.01,117.72,112.22,113.02,110.5785,641240539.0,0.0
2020-09-25,104.54,112.86,103.1,112.28,109.8545,847212649.0,0.0
2020-09-18,114.72,118.829,106.09,106.84,104.532,944934651.0,0.0
2020-09-11,113.95,120.5,110.0,112.0,109.5806,771441734.0,0.0
2020-09-04,127.58,137.98,110.89,120.96,118.347,1166301669.0,0.0
2020-08-28,514.79,515.14,492.21,499.23,122.1114,265909531.0,0.0
2020-08-21,464.25,499.472,455.8501,497.48,121.6833,208464758.0,0.0
2020-08-14,450.4,464.17,436.4267,459.63,112.4253,235474473.0,0.0
2020-08-07,432.8,457.65,431.57,444.45,108.7122,250852555.0,0.82
2020-07-31,374.84,425.66,372.99,425.04,103.7731,211898609.0,0.0
2020-07-24,385.67,397.0,356.58,370.46,90.4474,165885792.0,0.0
2020-07-17,389.06,399.82,375.51,385.31,94.0731,179660754.0,0.0
2020-07-10,370.0,385.27,369.87,383.68,93.6751,141212101.0,0.0
2020-07-02,353.25,370.47,351.28,364.11,88.8971,124222310.0,0.0
2020-06-26,351.34,372.38,351.15,353.63,86.3384,220750873.0,0.0
2020-06-19,333.25,356.56,332.58,349.72,85.3838,194985086.0,0.0
2020-06-12,330.25,354.77,327.32,338.8,82.7177,202956789.0,0.0
2020-06-05,317.75,331.75,317.21,331.5,80.9354,124490802.0,0.0
2020-05-29,323.5,324.24,313.09,317.94,77.6247,131465363.0,0.0
2020-05-22,313.17,320.89,310.32,318.89,77.8567,133274690.0,0.0
2020-05-15,308.1,319.69,300.21,307.71,75.1271,208536826.0,0.0
2020-05-08,289.17,310.35,286.32,310.13,75.7179,168228968.0,0.82
2020-05-01,281.8,299.0,278.2,289.07,70.39,197513427.0,0.0
2020-04-24,277.95,283.01,265.43,282.97,68.9047,169846750.0,0.0
2020-04-17,268.31,288.25,265.83,282.8,68.8633,207386812.0,0.0
2020-04-09,250.9,271.7,249.38,267.99,65.257,183929846.0,0.0
2020-04-03,250.74,262.49,236.9,241.41,58.7846,209252759.0,0.0
2020-03-27,228.08,258.68,212.61,247.74,60.326,346165813.0,0.0
2020-03-20,241.95,259.08,228.0,229.24,55.8211,405065837.0,0.0
2020-03-13,263.75,286.44,248.0,277.97,67.6871,404405247.0,0.0
2020-03-06,282.28,304.0,277.72,289.03,70.3803,323450224.0,0.0
2020-02-28,297.26,304.18,256.37,273.36,66.5646,349768234.0,0.0
2020-02-21,315.36,324.65,310.5,313.05,76.2293,119254440.0,0.0
2020-02-14,314.18,327.22,313.85,324.95,79.127,123065907.0,0.0
2020-02-07,304.3,325.22,302.22,320.03,77.929,163134650.0,0.77
2020-01-31,310.06,327.85,304.88,309.51,75.1864,216776323.0,0.0
2020-01-24,317.19,323.33,315.65,318.31,77.3241,115445527.0,0.0
2020-01-17,311.64,318.74,309.55,318.73,77.4261,162824452.0,0.0
2020-01-10,293.79,312.67,292.75,310.33,75.3856,168452059.0,0.0
2020-01-03,289.46,300.6,285.22,297.43,72.2519,131852981.0,0.0
2019-12-27,280.53,293.97,280.37,289.8,70.3984,96724537.0,0.0
2019-12-20,277.0,282.65,276.98,279.44,67.8818,183341280.0,0.0
2019-12-13,270.0,275.3,264.91,275.15,66.8396,142408267.0,0.0
2019-12-06,267.27,271.0,256.29,270.71,65.7611,115090042.0,0.0
2019-11-29,262.71,268.0,262.5,267.25,64.9206,75404884.0,0.0
2019-11-22,265.8,268.0,260.4,261.78,63.5918,114060454.0,0.0
2019-11-15,258.3,265.78,258.28,265.76,64.5586,115661500.0,0.0
2019-11-08,257.33,260.44,255.37,260.14,63.1934,106014081.0,0.77
2019-11-01,247.42,255.93,237.26,255.82,61.9601,163067611.0,0.0
2019-10-25,237.52,246.73,237.32,246.58,59.7221,100713664.0,0.0
2019-10-18,234.9,238.13,233.2,236.41,57.2589,108261581.0,0.0
2019-10-11,226.27,237.64,224.33,236.21,57.2105,150154587.0,0.0
2019-10-04,220.9,228.22,215.13,227.01,54.9822,163381242.0,0.0
2019-09-27,218.95,222.49,217.14,218.82,52.9986,117784618.0,0.0
2019-09-20,217.73,223.76,217.47,217.73,52.7346,145352672.0,0.0
2019-09-13,214.84,226.42,211.07,218.75,52.9817,175366943.0,0.0
2019-09-06,206.43,214.42,204.22,213.26,51.652,82585672.0,0.0
2019-08-30,205.86,210.45,203.32,208.74,50.5572,110091319.0,0.0
2019-08-23,210.62,214.44,201.0,202.64,49.0798,142066853.0,0.0
2019-08-16,199.62,212.14,199.15,206.5,50.0147,163266105.0,0.0
2019-08-09,197.99,203.53,192.58,200.99,48.6801,173211425.0,0.77
2019-08-02,208.46,221.37,201.63,204.02,49.2254,219770512.0,0.0
2019-07-26,203.65,209.73,203.61,207.74,50.123,87153118.0,0.0
2019-07-19,204.09,206.5,202.36,202.59,48.8804,87433154.0,0.0
2019-07-12,200.81,204.39,198.41,203.3,49.0517,101600835.0,0.0
2019-07-05,203.17,205.08,200.65,204.23,49.2761,72879519.0,0.0
2019-06-28,198.54,201.57,195.29,197.92,47.7536,117368626.0,0.0
2019-06-21,192.9,200.85,192.17,198.78,47.9611,131658960.0,0.0
2019-06-14,191.81,196.79,190.3,192.74,46.5038,111843021.0,0.0
2019-06-07,175.6,191.92,170.27,190.15,45.8789,154348161.0,0.0
2019-05-31,178.92,180.59,174.99,175.07,42.2405,104691321.0,0.0
2019-05-24,183.52,188.0,177.81,178.97,43.1814,156970116.0,0.0
2019-05-17,187.71,192.47,182.85,189.0,45.6014,186415472.0,0.0
2019-05-10,204.29,208.84,192.77,197.18,47.5751,173663634.0,0.77
2019-05-03,204.4,215.31,199.11,211.75,50.8918,186455669.0,0.0
2019-04-26,202.83,208.48,202.12,204.3,49.1013,97495453.0,0.0
2019-04-18,198.58,204.15,198.01,203.86,48.9955,96335577.0,0.0
2019-04-12,196.42,202.85,196.21,198.87,47.7962,132006698.0,0.0
2019-04-05,191.64,197.1,188.38,197.0,47.3468,111540445.0,0.0
2019-03-29,191.51,192.88,184.58,189.95,45.6524,167838582.0,0.0
2019-03-22,185.8,197.69,184.73,191.05,45.9168,182343335.0,0.0
2019-03-15,175.49,187.33,175.35,186.12,44.7319,158133562.0,0.0
2019-03-08,175.69,177.75,169.5,172.91,41.557,116779738.0,0.0
2019-03-01,174.16,175.87,172.73,174.97,42.0521,120880541.0,0.0
2019-02-22,169.71,173.32,169.49,172.97,41.5714,81250012.0,0.0
2019-02-15,171.05,172.48,169.25,170.42,40.9586,112229742.0,0.0
2019-02-08,167.41,175.57,167.28,170.41,40.9562,151398457.0,0.73
2019-02-01,155.79,169.0,153.66,166.52,39.8505,202296864.0,0.0
2019-01-25,156.41,158.13,151.7,157.76,37.7541,112513982.0,0.0
2019-01-18,150.85,157.88,149.22,156.82,37.5292,155291399.0,0.0
2019-01-11,148.7,154.53,145.9,152.29,36.4451,203706070.0,0.0
2019-01-04,158.53,159.36,142.0,148.26,35.4807,221962468.0,0.0
2018-12-28,148.15,158.52,146.59,156.23,37.388,191160265.0,0.0
2018-12-21,165.45,168.35,149.63,150.73,36.0718,287694081.0,0.0
2018-12-14,165.0,172.57,163.33,165.48,39.6016,217536870.0,0.0
2018-12-07,184.46,184.94,168.3,168.49,40.322,167522325.0,0.0
2018-11-30,174.24,182.8,170.26,178.58,42.7367,213749977.0,0.0
2018-11-23,190.0,190.7,172.1,172.29,41.2314,164494301.0,0.0
2018-11-16,199.0,199.85,185.93,193.53,46.3144,242226465.0,0.0
2018-11-09,204.3,210.12,198.17,204.47,48.9325,191199370.0,0.73
2018-11-02,219.19,222.36,205.43,207.48,49.4796,270606277.0,0.0
2018-10-26,219.79,224.23,212.67,216.3,51.583,185599234.0,0.0
2018-10-19,221.16,222.99,213.0,219.31,52.3008,148520408.0,0.0
2018-10-12,222.21,227.27,212.32,222.11,52.9685,192007749.0,0.0
2018-10-05,227.95,233.47,220.58,224.29,53.4884,142666234.0,0.0
2018-09-28,216.82,226.44,216.63,225.74,53.8342,129343034.0,0.0
2018-09-21,222.15,222.95,215.3,217.66,51.9073,218746220.0,0.0
2018-09-14,220.95,228.35,216.47,223.84,53.3811,198249908.0,0.0
2018-09-07,228.41,229.67,220.71,221.3,52.7754,132632878.0,0.0
2018-08-31,217.15,228.87,216.33,227.63,54.2849,162690645.0,0.0
2018-08-24,218.1,219.18,213.84,216.16,51.5496,112825161.0,0.0
2018-08-17,207.7,217.95,207.7,217.58,51.8882,139373818.0,0.0
2018-08-10,208.0,209.78,204.52,207.53,49.4915,121642089.0,0.73
2018-08-03,191.9,208.74,189.07,207.99,49.4273,224189697.0,0.0
2018-07-27,190.68,195.96,189.56,190.98,45.385,94613682.0,0.0
2018-07-20,191.52,192.65,189.2,191.44,45.4944,87963808.0,0.0
2018-07-13,189.5,191.84,187.61,191.33,45.4682,85088176.0,0.0
2018-07-06,183.82,188.43,183.42,187.97,44.6697,65775642.0,0.0
2018-06-29,183.4,187.28,180.73,185.11,43.9901,121620526.0,0.0
2018-06-22,187.88,189.22,183.45,184.92,43.9449,125604366.0,0.0
2018-06-15,191.35,192.88,188.26,188.84,44.8765,140187228.0,0.0
2018-06-08,191.64,194.2,189.77,191.7,45.5561,116769735.0,0.0
2018-06-01,187.6,190.26,186.14,190.24,45.2092,92129925.0,0.0
2018-05-25,188.0,189.65,185.76,188.58,44.8147,94394844.0,0.0
2018-05-18,189.01,189.53,185.1,186.31,44.2752,99248752.0,0.0
2018-05-11,185.18,190.37,183.67,188.59,44.8171,148266951.0,0.73
2018-05-04,162.13,184.25,161.84,183.83,43.5174,252805668.0,0.0
2018-04-27,166.83,166.92,160.63,162.32,38.4255,162208431.0,0.0
2018-04-20,175.03,178.94,165.43,165.72,39.2303,169238340.0,0.0
2018-04-13,169.88,175.84,169.85,174.73,41.3632,128077139.0,0.0
2018-04-06,166.64,174.23,164.47,168.38,39.86,164408813.0,0.0
2018-03-29,168.07,175.15,165.19,167.78,39.718,155302506.0,0.0
2018-03-23,177.32,177.47,164.94,164.94,39.0457,168666122.0,0.0
2018-03-16,180.29,183.5,177.62,178.02,42.1421,151720299.0,0.0
2018-03-09,175.21,180.0,174.27,179.98,42.606,138442235.0,0.0
2018-03-02,176.35,180.62,172.45,176.21,41.7136,196432091.0,0.0
2018-02-23,172.05,175.65,171.01,175.5,41.5455,133197874.0,0.0
2018-02-16,158.5,174.82,157.51,172.43,40.8188,222582467.0,0.0
2018-02-09,159.1,163.88,150.24,156.41,37.0264,299885932.0,0.63
2018-02-02,170.16,170.16,160.1,160.5,37.8422,248091289.0,0.0
2018-01-26,177.3,179.44,170.06,171.51,40.4381,185072080.0,0.0
2018-01-19,177.9,180.1,175.07,178.46,42.0767,122974060.0,0.0
2018-01-12,174.35,177.36,173.0,177.09,41.7537,107548622.0,0.0
2018-01-05,170.16,175.37,169.26,175.0,41.261,99095223.0,0.0
2017-12-29,170.8,171.85,169.22,169.23,39.9005,96281679.0,0.0
2017-12-22,174.88,177.2,173.25,175.01,41.2633,115320238.0,0.0
2017-12-15,169.2,174.17,168.79,173.97,41.0181,132453689.0,0.0
2017-12-08,172.48,172.62,166.46,169.37,39.9335,134914322.0,0.0
2017-12-01,175.05,175.08,167.16,171.05,40.3296,166555527.0,0.0
2017-11-24,170.29,175.5,169.56,174.97,41.2539,79873651.0,0.0
2017-11-17,173.5,174.5,168.38,170.15,40.1174,114281964.0,0.0
2017-11-10,172.365,176.24,171.72,174.67,41.1831,135758833.0,0.63
2017-11-03,163.89,174.26,163.72,172.5,40.5253,203892677.0,0.0
2017-10-27,156.89,163.6,155.27,163.05,38.3053,119574587.0,0.0
2017-10-20,157.9,160.87,155.02,156.25,36.7077,124593299.0,0.0
2017-10-13,155.81,158.0,155.1,156.99,36.8816,80597481.0,0.0
2017-10-06,154.26,155.49,152.46,155.3,36.4846,91971974.0,0.0
2017-09-29,149.99,154.7189,149.16,154.12,36.2073,152105993.0,0.0
2017-09-22,160.11,160.5,150.56,151.89,35.6834,182738115.0,0.0
2017-09-15,160.5,163.96,157.91,159.88,37.5605,217839085.0,0.0
2017-09-08,163.75,164.25,158.53,158.63,37.2669,100402255.0,0.0
2017-09-01,160.14,164.94,159.93,164.05,38.5402,124482489.0,0.0
2017-08-25,157.5,160.74,155.1101,159.86,37.5558,110686493.0,0.0
2017-08-18,159.32,162.51,156.72,157.5,37.0014,130951564.0,0.0
2017-08-11,157.06,161.83,154.63,157.48,36.9967,148310594.0,0.63
2017-08-04,149.9,159.75,148.13,156.39,36.5922,159721244.0,0.0
2017-07-28,150.58,153.99,147.3,149.5,34.9801,103916337.0,0.0
2017-07-21,148.82,151.74,148.57,150.27,35.1602,103297255.0,0.0
2017-07-14,144.11,149.33,143.37,149.04,34.8724,107844162.0,0.0
2017-07-07,144.88,145.3,142.41,144.18,33.7353,76896820.0,0.0
2017-06-30,147.17,148.28,142.28,144.02,33.6979,125310202.0,0.0
2017-06-23,143.66,147.16,143.66,146.28,34.2267,121757322.0,0.0
2017-06-16,145.74,147.5,142.2,142.27,33.2884,217066551.0,0.0
2017-06-09,154.34,155.98,146.02,148.98,34.8584,157386327.0,0.0
2017-06-02,153.42,155.45,152.22,155.45,36.3723,86663811.0,0.0
2017-05-26,154.0,154.9,152.67,153.61,35.9417,101565411.0,0.0
2017-05-19,156.01,156.65,149.71,153.06,35.813,154981942.0,0.0
2017-05-12,149.03,156.42,149.03,156.1,36.5243,167770544.0,0.63
2017-05-05,145.1,148.98,144.27,148.96,34.7117,167777285.0,0.0
2017-04-28,143.5,144.9,143.18,143.65,33.4743,89143525.0,0.0
2017-04-21,141.48,142.92,140.45,142.27,33.1527,89248503.0,0.0
2017-04-13,143.6,143.8792,140.06,141.05,32.8684,87485653.0,0.0
2017-04-07,143.71,145.46,143.05,143.34,33.4021,105402499.0,0.0
2017-03-31,139.39,144.5,138.62,143.66,33.4766,127008757.0,0.0
2017-03-24,140.4,142.8,139.73,140.64,32.7729,129673979.0,0.0
2017-03-17,138.85,141.02,138.82,139.99,32.6214,121539506.0,0.0
2017-03-10,139.365,139.98,137.05,139.14,32.4234,99672282.0,0.0
2017-03-03,137.14,140.2786,136.28,139.78,32.5725,127936976.0,0.0
2017-02-24,136.23,137.48,135.28,136.66,31.8455,87908859.0,0.0
2017-02-17,133.08,136.27,132.75,135.72,31.6264,136667496.0,0.0
2017-02-10,129.13,132.94,128.9,132.12,30.7875,136449154.0,0.57
2017-02-03,120.93,130.49,120.62,129.08,29.9502,249781248.0,0.0
2017-01-27,120.0,122.44,119.5,121.95,28.2958,124748449.0,0.0
2017-01-20,118.34,120.5,118.22,120.0,27.8434,116347987.0,0.0
2017-01-13,117.95,119.93,117.94,119.04,27.6206,138810760.0,0.0
2017-01-06,115.8,118.16,114.76,117.91,27.3584,103845468.0,0.0
2016-12-30,116.52,118.0166,115.43,115.82,26.8735,84828531.0,0.0
2016-12-23,115.8,117.5,115.59,116.52,27.0359,113322891.0,0.0
2016-12-16,113.29,116.73,112.49,115.97,26.9083,195015700.0,0.0
2016-12-09,110.0,114.7,108.25,113.95,26.4396,151989664.0,0.0
2016-12-02,111.43,112.465,108.85,109.9,25.4999,155499850.0,0.0
2016-11-25,110.12,112.42,110.01,111.79,25.9384,94132421.0,0.0
2016-11-18,107.32,110.54,104.08,110.06,25.537,198341456.0,0.0
2016-11-11,110.08,111.72,105.83,108.43,25.1588,207268979.0,0.0
2016-11-04,113.65,114.23,108.11,108.84,25.2539,156346518.0,0.57
2016-10-28,117.1,118.36,113.31,113.72,26.25,210225569.0,0.0
2016-10-21,117.33,118.21,113.8,116.6,26.9148,115531434.0,0.0
2016-10-14,115.02,118.69,114.72,117.63,27.1525,208708383.0,0.0
2016-10-07,112.71,114.56,112.28,114.06,26.3285,126029440.0,0.0
2016-09-30,111.64,114.64,111.55,113.05,26.0953,156384035.0,0.0
2016-09-23,115.19,116.18,111.55,112.71,26.0169,201095635.0,0.0
2016-09-16,102.65,116.13,102.53,114.92,26.527,390309366.0,0.0
2016-09-09,107.9,108.76,103.13,103.13,23.8055,168803729.0,0.0
2016-09-02,106.62,108.0,105.5,107.73,24.8673,133000624.0,0.0
2016-08-26,108.86,109.32,106.31,106.94,24.685,123605519.0,0.0
2016-08-19,108.14,110.23,108.08,109.36,25.2436,132371408.0,0.0
2016-08-12,107.52,108.94,107.16,108.18,24.9712,124505869.0,0.0
2016-08-05,104.41,107.65,104.0,107.48,24.8096,170149120.0,0.57
2016-07-29,98.25,104.55,96.42,104.21,23.926,256571090.0,0.0
2016-07-22,98.7,101.0,98.31,98.66,22.6517,147565456.0,0.0
2016-07-15,96.75,99.3,96.73,98.78,22.6793,142910566.0,0.0
2016-07-08,95.39,96.89,94.37,96.68,22.1971,112705961.0,0.0
2016-07-01,93.0,96.465,91.5,95.89,22.0158,185461004.0,0.0
2016-06-24,96.0,96.89,92.65,93.4,21.4441,206728924.0,0.0
2016-06-17,98.69,99.12,95.3,95.33,21.8872,191732699.0,0.0
2016-06-10,97.99,101.89,97.55,98.83,22.6908,124864375.0,0.0
2016-06-03,99.6,100.4,96.63,97.92,22.4818,140176985.0,0.0
2016-05-27,95.87,100.73,95.67,100.35,23.0398,204473324.0,0.0
2016-05-20,92.39,95.43,91.65,95.22,21.8619,212707154.0,0.0
2016-05-13,93.0,93.77,89.47,90.52,20.7828,216049836.0,0.0
2016-05-06,93.965,95.9,91.85,92.72,21.288,225607242.0,0.57
2016-04-29,105.0,105.65,92.51,93.74,21.3914,349424063.0,0.0
2016-04-22,108.89,108.95,104.62,105.68,24.1161,189053016.0,0.0
2016-04-15,108.97,112.39,108.66,109.85,25.0677,162310051.0,0.0
2016-04-08,110.42,112.19,108.121,108.66,24.7961,145722543.0,0.0
2016-04-01,106.0,110.42,104.88,109.99,25.0996,147965003.0,0.0
2016-03-24,105.93,107.65,104.89,105.67,24.1138,119783503.0,0.0
2016-03-18,101.91,106.5,101.78,105.92,24.1708,182073165.0,0.0
2016-03-11,102.39,102.83,100.15,102.26,23.3356,155221501.0,0.0
2016-03-04,96.86,103.75,96.65,103.01,23.5068,201803826.0,0.0
2016-02-26,96.31,98.0237,93.32,96.91,22.1148,159052926.0,0.0
2016-02-19,95.02,98.89,94.61,96.04,21.9162,168316315.0,0.0
2016-02-12,93.13,96.35,92.59,93.99,21.4484,231122263.0,0.0
2016-02-05,96.47,97.33,93.69,94.02,21.4553,217154766.0,0.52
2016-01-29,101.52,101.53,92.39,97.34,22.094,380336530.0,0.0
2016-01-22,98.41,101.46,93.42,101.42,23.02,243384093.0,0.0
2016-01-15,98.97,101.19,95.36,97.13,22.0463,304337253.0,0.0
2016-01-08,102.61,105.85,96.43,96.96,22.0077,343790211.0,0.0
2015-12-31,107.59,109.43,104.82,105.26,23.8916,123761546.0,0.0
2015-12-24,107.28,109.0,105.57,108.03,24.5203,126634011.0,0.0
2015-12-18,112.18,112.8,105.81,106.03,24.0664,315791335.0,0.0
2015-12-11,118.98,119.86,112.851,113.18,25.6893,188853944.0,0.0
2015-12-04,117.99,119.41,114.22,119.03,27.0171,206765745.0,0.0
2015-11-27,119.27,119.73,117.12,117.81,26.7402,109720453.0,0.0
2015-11-20,111.38,119.92,111.0,119.3,27.0784,189947415.0,0.0
2015-11-13,120.96,121.81,112.27,112.34,25.4986,216555289.0,0.0
2015-11-06,119.87,123.82,119.61,121.06,27.4779,195203256.0,0.52
2015-10-30,118.08,121.22,113.99,119.5,27.0076,322362121.0,0.0
2015-10-23,110.8,119.228,110.11,119.08,26.9127,222074893.0,0.0
2015-10-16,112.73,112.75,109.56,111.04,25.0956,184884970.0,0.0
2015-10-09,109.88,112.28,108.21,112.12,25.3397,262432987.0,0.0
2015-10-02,113.85,114.57,107.31,110.38,24.9465,311138027.0,0.0
2015-09-25,113.67,116.69,112.37,114.71,25.9251,242696241.0,0.0
2015-09-18,116.58,116.89,111.87,113.45,25.6403,277276007.0,0.0
2015-09-11,111.65,114.21,109.77,114.21,25.8121,252662734.0,0.0
2015-09-04,112.13,114.53,107.36,109.27,24.6956,298194194.0,0.0
2015-08-28,94.87,113.31,92.0,113.29,25.6041,500362965.0,0.0
2015-08-21,116.04,117.65,105.645,105.76,23.9023,320509056.0,0.0
2015-08-14,116.53,119.99,109.63,115.96,26.2076,345185326.0,0.0
2015-08-07,121.5,122.57,112.1,115.52,26.1081,384072497.0,0.52
2015-07-31,123.09,123.91,120.91,121.3,27.2912,191598511.0,0.0
2015-07-24,130.97,132.97,121.99,124.5,28.0111,344269021.0,0.0
2015-07-17,125.03,129.62,124.32,129.62,29.1631,189245034.0,0.0
2015-07-10,124.94,126.23,119.22,123.28,27.7366,275718368.0,0.0
2015-07-02,125.46,126.94,124.48,126.44,28.4476,150981872.0,0.0
2015-06-26,127.49,129.8,126.51,126.75,28.5174,195594004.0,0.0
2015-06-19,126.1,128.31,125.71,126.6,28.4836,198525255.0,0.0
2015-06-12,128.9,130.18,125.62,127.17,28.6119,220114589.0,0.0
2015-06-05,131.2,131.39,128.36,128.65,28.9448,170840884.0,0.0
2015-05-29,132.6,132.91,129.12,130.28,29.3116,198148567.0,0.0
2015-05-22,128.38,132.97,128.36,132.54,29.82,217297426.0,0.0
2015-05-15,127.39,129.49,124.82,128.77,28.9718,208301514.0,0.0
2015-05-08,129.5,130.57,123.36,127.62,28.7131,271891981.0,0.52
2015-05-01,132.31,134.54,124.58,128.95,28.8924,420972321.0,0.0
2015-04-24,125.57,130.63,125.17,130.28,29.1904,207440679.0,0.0
2015-04-17,128.37,128.57,124.46,124.75,27.9513,171186168.0,0.0
2015-04-10,124.47,128.1218,124.33,127.1,28.4779,182207413.0,0.0
2015-04-02,124.05,126.49,123.1,125.32,28.0791,162031791.0,0.0
2015-03-27,127.12,128.04,122.6,123.25,27.6153,209326175.0,0.0
2015-03-20,123.88,129.2451,122.87,125.9,28.209,266672975.0,0.0
2015-03-13,127.96,129.57,121.63,123.59,27.6914,326514045.0,0.0
2015-03-06,129.25,130.28,125.76,126.6,28.3659,246938492.0,0.0
2015-02-27,130.02,133.6,126.61,128.46,28.7826,368216362.0,0.0
2015-02-20,127.49,129.5,126.92,129.495,29.0145,194354942.0,0.0
2015-02-13,118.55,127.48,118.43,127.08,28.4734,303206785.0,0.0
2015-02-06,118.05,120.51,116.08,118.93,26.6473,270757404.0,0.47
2015-01-30,113.74,120.0,109.03,117.16,26.1483,465842684.0,0.0
2015-01-23,107.84,113.75,106.5,112.98,25.2154,198737041.0,0.0
2015-01-16,112.6,112.8,105.2,105.99,23.6553,304226647.0,0.0
2015-01-09,108.29,113.25,104.63,112.01,24.9989,282868187.0,0.0
2015-01-02,113.79,114.77,107.35,109.33,24.4007,152088374.0,0.0
2014-12-26,112.16,114.52,111.97,113.99,25.4408,119396530.0,0.0
2014-12-19,110.7,113.24,106.26,111.78,24.9475,328856576.0,0.0
2014-12-12,114.1,114.85,109.35,109.73,24.49,259937920.0,0.0
2014-12-05,118.81,119.25,111.27,115.0,25.6662,266701088.0,0.0
2014-11-28,116.85,119.75,116.62,118.93,26.5433,181937552.0,0.0
2014-11-21,114.27,117.57,113.3,116.47,25.9943,233414685.0,0.0
2014-11-14,109.02,114.19,108.4,114.18,25.4832,205166680.0,0.0
2014-11-07,108.22,110.3,107.72,109.01,24.3293,199952812.0,0.47
2014-10-31,104.85,108.04,104.7,108.0,24.0001,220230607.0,0.0
2014-10-24,98.315,105.49,98.22,105.22,23.3824,358532919.0,0.0
2014-10-17,101.33,101.78,95.18,97.67,21.7046,358539741.0,0.0
2014-10-10,99.95,102.38,98.31,100.73,22.3846,280258156.0,0.0
2014-10-03,98.65,101.54,98.04,99.62,22.1379,247749150.0,0.0
2014-09-26,101.8,102.94,97.72,100.75,22.389,337730724.0,0.0
2014-09-19,102.81,103.05,98.89,100.96,22.4357,296789500.0,0.0
2014-09-12,99.3,103.08,96.14,101.66,22.5912,461559500.0,0.0
2014-09-05,103.06,103.74,97.79,98.97,21.9935,322672500.0,0.0
2014-08-29,101.79,102.9,100.7,102.5,22.7779,233048700.0,0.0
2014-08-22,98.49,101.47,97.98,101.32,22.5157,246983800.0,0.0
2014-08-15,95.27,98.19,94.8355,97.98,21.7735,179363000.0,0.0
2014-08-08,96.37,96.58,93.28,94.74,21.0535,223025000.0,0.47
2014-08-01,97.82,99.44,94.81,96.13,21.2566,236825000.0,0.0
2014-07-25,94.99,97.88,93.72,97.671,21.5973,276392000.0,0.0
2014-07-18,95.86,97.1,92.57,94.43,20.8807,249075900.0,0.0
2014-07-11,94.14,96.8,93.52,95.22,21.0554,231830000.0,0.0
2014-07-03,92.1,94.1,92.09,94.03,20.7922,139168800.0,0.0
2014-06-27,91.32,92.0,89.65,91.98,20.3389,216257000.0,0.0
2014-06-20,91.51,92.75,90.9,90.91,20.1023,235227000.0,0.0
2014-06-13,92.7,95.05,90.88,91.28,20.1841,293146997.0,0.0
2014-06-06,633.96,651.26,622.5,645.57,20.3929,58974500.0,0.0
2014-05-30,615.88,644.17,615.63,633.0,19.9959,57315800.0,0.0
2014-05-23,597.85,614.7293,597.33,614.13,19.3998,42229300.0,0.0
2014-05-16,587.49,597.53,585.4,597.51,18.8748,37373300.0,0.0
2014-05-09,590.14,604.4099,580.33,585.5425,18.4967,52371100.0,3.29
2014-05-02,572.8,599.43,572.55,592.58,18.6149,67823800.0,0.0
2014-04-25,525.34,571.99,523.96,571.94,17.9665,68937100.0,0.0
2014-04-17,521.9,527.76,511.33,524.94,16.4901,34688000.0,0.0
2014-04-11,528.02,532.24,517.14,519.61,16.3226,44688500.0,0.0
2014-04-04,539.23,543.48,530.58,531.82,16.7062,35265900.0,0.0
2014-03-28,538.42,549.0,534.25,536.86,16.8645,48584200.0,0.0
2014-03-21,527.7,536.24,525.2001,532.87,16.7392,43442600.0,0.0
2014-03-14,528.36,539.66,523.0,524.69,16.4822,41145600.0,0.0
2014-03-07,523.42,534.75,522.81,530.44,16.6629,39435800.0,0.0
2014-02-28,523.15,532.75,515.6,526.24,16.5309,52533200.0,0.0
2014-02-21,546.0,551.19,524.6,525.25,16.4998,41380800.0,0.0
2014-02-14,518.66,545.9799,518.0,543.99,17.0885,54151400.0,0.0
2014-02-07,502.61,522.9299,499.3,519.68,16.3248,61947700.0,3.05
2014-01-31,550.07,554.8,493.55,500.6,15.6325,116661100.0,0.0
2014-01-24,540.99,557.29,540.42,546.07,17.0524,55039500.0,0.0
2014-01-17,529.91,560.2,529.88,540.67,16.8837,62811100.0,0.0
2014-01-10,537.45,546.86,531.11,532.94,16.6423,56159800.0,0.0
2014-01-03,557.46,561.28,540.43,540.98,16.8934,39423800.0,0.0
2013-12-27,568.0,571.88,559.5,560.09,17.4902,39241200.0,0.0
2013-12-20,555.02,562.6389,538.8,549.02,17.1445,65538600.0,0.0
2013-12-13,560.9001,570.97,553.67,554.43,17.3134,55485500.0,0.0
2013-12-06,558.0,575.1358,550.82,560.02,17.488,74759100.0,0.0
2013-11-29,521.02,558.33,521.0,556.07,17.3646,46866800.0,0.0
2013-11-22,524.99,527.19,513.67,519.8,16.232,40484000.0,0.0
2013-11-15,519.99,529.28,514.41,524.991,16.3941,43903200.0,0.0
2013-11-08,521.1,528.885,512.38,520.56,16.2558,45541200.0,3.05
2013-11-01,529.04,539.25,514.54,520.03,16.1447,74678500.0,0.0
2013-10-25,511.77,533.23,508.03,525.958,16.3287,70301800.0,0.0
2013-10-18,489.83,509.26,489.35,508.89,15.7988,49186000.0,0.0
2013-10-11,486.56,493.84,478.28,492.812,15.2997,51831300.0,0.0
2013-10-04,477.25,492.35,474.411,483.03,14.996,53030200.0,0.0
2013-09-27,496.1,496.91,480.72,482.75,14.9873,68166800.0,0.0
2013-09-20,461.0,478.55,447.22,467.41,14.511,89421200.0,0.0
2013-09-13,505.0,507.92,464.7,464.9,14.4331,95909500.0,0.0
2013-09-06,493.1,502.24,487.35,498.22,15.4676,45459100.0,0.0
2013-08-30,500.75,510.2,486.0,487.216,15.1259,56239900.0,0.0
2013-08-23,504.34,513.74,498.2,501.02,15.5545,59715200.0,0.0
2013-08-16,456.86,504.25,456.63,502.33,15.5952,101976700.0,0.0
2013-08-09,464.69,471.89,453.65,454.45,14.1087,52686200.0,3.05
2013-08-02,440.8,462.85,440.2,462.54,14.2655,48624000.0,0.0
2013-07-26,429.46,444.59,418.71,440.99,13.6008,57099100.0,0.0
2013-07-19,425.01,434.87,424.17,424.95,13.1061,40894500.0,0.0
2013-07-12,420.11,429.79,410.38,426.51,13.1543,54928000.0,0.0
2013-07-05,402.69,423.29,401.22,417.42,12.8739,49138300.0,0.0
2013-06-28,407.4,408.66,388.87,396.53,12.2296,74228400.0,0.0
2013-06-21,431.44,435.7,408.1001,413.5,12.753,57278900.0,0.0
2013-06-14,444.73,449.079,428.5,430.05,13.2634,55685400.0,0.0
2013-06-07,450.73,454.43,432.77,441.811,13.6262,63469300.0,0.0
2013-05-31,449.9,457.1,439.4,449.735,13.8706,51948000.0,0.0
2013-05-24,431.91,448.3499,430.1,445.15,13.7291,70708100.0,0.0
2013-05-17,451.51,457.9,418.9,433.26,13.3624,90599600.0,0.0
2013-05-10,455.71,465.75,450.48,452.97,13.9703,78083300.0,3.05
2013-05-03,420.45,453.23,420.0,449.98,13.7861,93639400.0,0.0
2013-04-26,392.64,418.769,391.275,417.205,12.7819,114740900.0,0.0
2013-04-19,427.0,427.89,385.1,390.53,11.9647,101568600.0,0.0
2013-04-12,424.85,437.99,422.49,429.8,13.1678,55369600.0,0.0
2013-04-05,441.9,443.698,419.68,423.2,12.9656,72307500.0,0.0
2013-03-28,464.69,469.95,441.62,442.66,13.5618,56053800.0,0.0
2013-03-22,441.45,462.1,441.2,461.91,14.1516,79285500.0,0.0
2013-03-15,429.7499,444.23,425.14,443.66,13.5924,81911900.0,0.0
2013-03-08,427.8,435.43,419.0,431.72,13.2266,90764100.0,0.0
2013-03-01,453.85,455.12,429.98,430.47,13.1883,83442600.0,0.0
2013-02-22,461.1,462.73,442.82,450.81,13.8115,60354400.0,0.0
2013-02-15,476.5,484.94,459.92,460.16,14.0979,83884700.0,0.0
2013-02-08,453.91,478.81,442.0,474.98,14.552,106496800.0,2.65
2013-02-01,437.825,462.6,435.86,453.62,13.8194,94023200.0,0.0
2013-01-25,504.56,514.99,435.0,439.88,13.4008,142569100.0,0.0
2013-01-18,502.68,510.75,483.38,500.0,15.2323,115299500.0,0.0
2013-01-11,522.0,531.89,515.2,520.3,15.8507,82218600.0,0.0
2013-01-04,510.53,555.0,509.0,527.0,16.0549,77403900.0,0.0
2012-12-28,520.35,524.25,504.66,509.5892,15.5244,45985300.0,0.0
2012-12-21,508.93,534.9,501.23,519.33,15.8212,103950700.0,0.0
2012-12-14,525.0,549.56,505.58,509.794,15.5307,119457600.0,0.0
2012-12-07,593.65,594.59,518.63,533.25,16.2453,140365700.0,0.0
2012-11-30,575.9,594.25,572.26,585.28,17.8303,92528300.0,0.0
2012-11-23,540.7097,572.0,539.88,571.5,17.4105,75425000.0,0.0
2012-11-16,554.15,554.5,505.7501,527.678,16.0755,127954500.0,0.0
2012-11-09,583.515,590.74,533.72,547.06,16.666,131562900.0,2.65
2012-11-02,594.88,603.0,574.75,576.8,17.4889,52524100.0,0.0
2012-10-26,612.42,635.38,591.0,604.0,18.3137,124541500.0,0.0
2012-10-19,632.35,652.79,609.62,609.84,18.4907,92572200.0,0.0
2012-10-12,646.88,647.56,623.55,629.714,19.0933,106894400.0,0.0
2012-10-05,671.5,676.75,650.65,652.59,19.7869,91450000.0,0.0
2012-09-28,686.86,695.12,660.35,667.105,20.227,102295000.0,0.0
2012-09-21,699.35,705.07,693.62,700.095,21.2273,71663100.0,0.0
2012-09-14,680.45,696.98,656.0,691.28,20.96,103680300.0,0.0
2012-09-07,665.76,682.48,664.5,680.44,20.6314,50897500.0,0.0
2012-08-31,679.99,680.87,657.25,665.24,20.1705,54937600.0,0.0
2012-08-24,650.01,674.88,648.11,663.222,20.1093,101746300.0,0.0
2012-08-17,623.39,648.19,623.25,648.11,19.6511,56201400.0,0.0
2012-08-10,617.29,625.0,615.26,621.7,18.8503,44779900.0,2.65
2012-08-03,590.92,617.98,587.82,615.7,18.589,67966100.0,0.0
2012-07-27,594.4,609.68,570.0,585.16,17.667,97892500.0,0.0
2012-07-20,605.12,615.35,603.15,604.3,18.2449,60068500.0,0.0
2012-07-13,605.3,619.87,592.68,604.97,18.2651,75005500.0,0.0
2012-07-06,584.73,614.34,583.6,605.88,18.2926,55182800.0,0.0
2012-06-29,577.3,584.0,565.61,584.0,17.632,53151900.0,0.0
2012-06-22,570.96,590.0,570.37,582.1,17.5746,63270800.0,0.0
2012-06-15,587.72,588.5,566.7,574.13,17.334,71466200.0,0.0
2012-06-08,561.5,580.584,548.5,580.32,17.5209,74069600.0,0.0
2012-06-01,570.9,581.5,560.52,560.99,16.9373,68664300.0,0.0
2012-05-25,534.5,576.5,534.05,562.29,16.9765,97700400.0,0.0
2012-05-18,562.57,567.51,522.18,530.38,16.0131,101406100.0,0.0
2012-05-11,561.5,575.88,558.73,566.71,17.11,77529300.0,0.0
2012-05-04,597.8,598.4,565.17,565.25,17.0659,88038400.0,0.0
2012-04-27,570.61,618.0,555.0,603.0,18.2056,138973100.0,0.0
2012-04-20,610.06,620.25,570.42,572.98,17.2993,174876800.0,0.0
2012-04-13,626.13,644.0,603.51,605.23,18.2729,130637800.0,0.0
2012-04-05,601.83,634.66,600.38,633.68,19.1319,94542500.0,0.0
2012-03-30,599.79,621.45,595.26,599.55,18.1014,114200300.0,0.0
2012-03-23,598.37,609.65,582.0,596.05,17.9958,122010700.0,0.0
2012-03-16,548.982,600.01,547.0,585.57,17.6794,160792400.0,0.0
2012-03-09,545.42,547.74,516.221,545.17,16.4596,119759300.0,0.0
2012-03-02,521.31,548.21,516.28,545.18,16.4599,114820100.0,0.0
2012-02-24,506.88,522.9,504.12,522.41,15.7725,73999900.0,0.0
2012-02-17,499.53,526.29,486.63,502.12,15.1599,141574700.0,0.0
2012-02-10,458.38,497.62,458.201,493.42,14.8972,88894400.0,0.0
2012-02-03,445.71,460.0,445.39,459.68,13.8785,54088100.0,0.0
2012-01-27,422.67,454.45,419.55,447.28,13.5042,86989600.0,0.0
2012-01-20,424.2,431.369,419.75,420.3,12.6896,42692900.0,0.0
2012-01-13,425.5001,427.75,418.66,419.81,12.6748,46639800.0,0.0
2012-01-06,409.4,422.75,409.0,422.4,12.753,41135900.0,0.0
2011-12-30,403.1,409.09,400.51,405.0,12.2276,31763500.0,0.0
2011-12-23,382.47,403.59,380.48,403.33,12.1772,46694700.0,0.0
2011-12-16,391.68,395.4,377.68,381.02,11.5037,61591500.0,0.0
2011-12-09,393.49,396.41,386.7625,393.62,11.8841,57818000.0,0.0
2011-12-02,372.35,393.6299,370.2,389.7,11.7657,67658700.0,0.0
2011-11-25,370.4,377.93,363.32,363.57,10.9768,55001200.0,0.0
2011-11-18,383.5201,391.14,374.88,374.94,11.3201,73741600.0,0.0
2011-11-11,399.91,408.0,380.26,384.62,11.6123,93855000.0,0.0
2011-11-04,402.42,409.33,393.22,400.24,12.0839,71009200.0,0.0
2011-10-28,396.18,409.0,393.151,404.95,12.2261,78799200.0,0.0
2011-10-21,421.74,426.7,390.75,392.87,11.8614,137222200.0,0.0
2011-10-14,379.09,422.0,378.21,422.0,12.7409,95358600.0,0.0
2011-10-07,380.37,384.78,354.24,369.8,11.1649,144188800.0,0.0
2011-09-30,399.86,409.25,381.18,381.32,11.5127,109776400.0,0.0
2011-09-23,397.0,422.86,395.2045,404.3,12.2065,132869600.0,0.0
2011-09-16,375.89,400.503,371.9,400.5,12.0918,91408900.0,0.0
2011-09-09,367.37,388.61,366.48,377.48,11.3968,65758800.0,0.0
2011-09-02,388.18,392.08,371.83,374.05,11.2932,76015800.0,0.0
2011-08-26,364.51,383.8,355.09,383.58,11.5809,118972900.0,0.0
2011-08-19,379.63,384.97,356.0,356.03,10.7492,108167100.0,0.0
2011-08-12,361.69,379.64,353.02,376.99,11.382,156286400.0,0.0
2011-08-05,397.78,399.5,362.57,373.62,11.2802,145031500.0,0.0
2011-07-29,390.35,404.5,384.0,390.48,11.7893,105440400.0,0.0
2011-07-22,365.43,396.27,365.28,393.3,11.8744,120585800.0,0.0
2011-07-15,356.34,365.0,348.62,364.92,11.0176,78604400.0,0.0
2011-07-08,343.0,360.0,342.5,359.71,10.8603,60320600.0,0.0
2011-07-01,327.59,343.5,327.25,343.26,10.3636,62318800.0,0.0
2011-06-24,317.355,333.15,310.5,326.35,9.8531,90149200.0,0.0
2011-06-17,327.2,333.25,318.33,320.26,9.6692,78173200.0,0.0
2011-06-10,344.84,347.05,325.51,325.9,9.8395,72660500.0,0.0
2011-06-03,341.1,352.132,341.0,343.44,10.369,58016800.0,0.0
2011-05-27,329.97,338.56,329.42,337.41,10.187,50925400.0,0.0
2011-05-20,339.2,342.414,330.73,335.22,10.1209,65572300.0,0.0
2011-05-13,347.86,350.0,340.35,340.5,10.2803,52534100.0,0.0
2011-05-06,349.74,351.83,345.5,346.66,10.4663,62907700.0,0.0
2011-04-29,350.34,354.99,345.52,350.13,10.571,83173700.0,0.0
2011-04-21,326.1,355.13,320.16,350.696,10.5881,88705500.0,0.0
2011-04-15,334.06,336.14,326.8,327.46,9.8866,68793300.0,0.0
2011-04-08,344.31,344.6,333.95,335.06,10.116,74869200.0,0.0
2011-04-01,353.15,354.32,343.3,344.56,10.4029,60155100.0,0.0
2011-03-25,335.99,352.06,335.26,351.54,10.6136,70069400.0,0.0
2011-03-18,353.18,356.4844,326.26,330.67,9.9835,133274500.0,0.0
2011-03-11,361.4,361.67,344.9,351.99,10.6272,83370200.0,0.0
2011-03-04,351.24,360.29,347.681,360.0,10.869,86280600.0,0.0
2011-02-25,342.15,348.43,337.72,348.16,10.5116,86583200.0,0.0
2011-02-18,356.79,364.9,349.52,350.56,10.584,86513900.0,0.0
2011-02-11,347.89,360.0,347.64,356.85,10.7739,94461800.0,0.0
2011-02-04,335.8,346.7,334.3,346.5,10.4614,63516900.0,0.0
2011-01-28,326.87,345.6,326.72,336.1,10.1474,89482500.0,0.0
2011-01-21,329.52,348.6,326.0,326.72,9.8642,161992900.0,0.0
2011-01-14,338.83,348.48,337.17,348.48,10.5212,64317100.0,0.0
2011-01-07,325.64,336.35,324.8365,336.12,10.148,57932100.0,0.0
2010-12-31,322.8519,326.66,321.31,322.56,9.7386,33567200.0,0.0
2010-12-23,321.6,325.72,318.23,323.6,9.77,40394400.0,0.0
2010-12-17,324.37,325.06,319.0,320.61,9.6798,68467700.0,0.0
2010-12-10,318.64,323.99,317.11,320.56,9.6783,61376200.0,0.0
2010-12-03,315.5,319.0,310.87,317.44,9.5841,79083000.0,0.0
2010-11-26,306.68,317.6999,305.87,315.0,9.5104,55851200.0,0.0
2010-11-19,308.46,310.54,297.76,306.73,9.2607,86430000.0,0.0
2010-11-12,317.2,321.3,303.63,308.03,9.3,78809300.0,0.0
2010-11-05,302.22,320.18,302.2,317.13,9.5747,84639600.0,0.0
2010-10-29,309.09,311.6,300.87,300.98,9.0871,77355600.0,0.0
2010-10-22,318.47,319.0,300.02,307.47,9.2831,141844900.0,0.0
2010-10-15,294.74,315.0,292.49,314.74,9.5025,106210000.0,0.0
2010-10-08,281.6,294.5,277.77,294.07,8.8785,95533600.0,0.0
2010-10-01,293.975,294.73,275.0,282.52,8.5298,111037700.0,0.0
2010-09-24,276.08,293.53,275.85,292.32,8.8256,119558800.0,0.0
2010-09-17,265.82,277.96,265.52,275.37,8.3139,89745700.0,0.0
2010-09-10,256.64,266.52,256.25,263.41,7.9528,60543800.0,0.0
2010-09-03,240.76,258.78,240.35,258.77,7.8127,87047500.0,0.0
2010-08-27,251.79,252.0,235.56,241.62,7.2949,93870400.0,0.0
2010-08-20,247.58,254.67,246.62,249.64,7.5371,67560800.0,0.0
2010-08-13,261.48,262.15,246.12,249.1,7.5208,80889000.0,0.0
2010-08-06,260.44,264.28,257.63,260.091,7.8526,71431400.0,0.0
2010-07-30,260.0,265.99,254.9,257.25,7.7668,93475900.0,0.0
2010-07-23,249.88,265.15,239.6,259.94,7.848,159421700.0,0.0
2010-07-16,258.53,261.85,246.43,249.9,7.5449,158234800.0,0.0
2010-07-09,251.0,262.9,246.16,259.62,7.8384,87187800.0,0.0
2010-07-02,266.93,269.75,243.2,246.94,7.4555,149088700.0,0.0
2010-06-25,277.69,279.01,265.81,266.7,8.0521,125943900.0,0.0
2010-06-18,255.96,275.0,254.01,274.074,8.2748,129613900.0,0.0
2010-06-11,258.29,259.15,242.2,253.51,7.6539,145159200.0,0.0
2010-06-04,259.69,265.94,254.63,255.965,7.728,106194000.0,0.0
2010-05-28,247.28,259.4,237.16,256.88,7.7557,147671300.0,0.0
2010-05-21,254.7,258.55,231.35,242.32,7.3161,181358800.0,0.0
2010-05-14,250.25,265.0,248.53,253.82,7.6633,137381000.0,0.0
2010-05-07,263.84,267.88,199.25,235.86,7.121,179398000.0,0.0
2010-04-30,271.88,272.46,256.41,261.09,7.8828,108861400.0,0.0
2010-04-23,247.03,272.18,241.77,270.83,8.1768,138500800.0,0.0
2010-04-16,242.2,251.14,241.11,247.4,7.4694,77523000.0,0.0
2010-04-09,234.975,241.92,234.77,241.79,7.3001,95257100.0,0.0
2010-04-01,233.0,238.73,231.62,235.97,7.1243,75066400.0,0.0
2010-03-26,220.47,231.95,220.15,230.9,6.9713,101421100.0,0.0
2010-03-19,225.38,226.45,220.25,222.2499,6.7101,81890100.0,0.0
2010-03-12,220.01,227.73,217.89,226.6,6.8414,98871100.0,0.0
2010-03-05,205.75,219.7,205.45,218.95,6.6105,98369800.0,0.0
2010-02-26,202.34,205.17,195.71,204.62,6.1778,92814700.0,0.0
2010-02-19,201.94,204.31,200.86,201.67,6.0888,64943900.0,0.0
2010-02-12,195.69,201.64,194.0,200.38,6.0498,95976200.0,0.0
2010-02-05,192.37,200.2,190.85,195.46,5.9013,131125200.0,0.0
2010-01-29,202.51,213.71,190.25,192.063,5.7987,252672600.0,0.0
2010-01-22,208.33,215.55,197.16,197.75,5.9704,101145800.0,0.0
2010-01-15,212.8,213.0,204.1,205.93,6.2174,96055100.0,0.0
2010-01-08,213.43,215.59,209.05,211.98,6.4,91876300.0,0.0
2009-12-31,211.72,213.95,208.31,210.732,6.3624,66223800.0,0.0
2009-12-24,196.05,209.35,195.67,209.04,6.3113,64565600.0,0.0
2009-12-18,195.37,197.51,191.0,195.43,5.9004,80923000.0,0.0
2009-12-11,193.32,199.7,188.68,194.67,5.8774,107478000.0,0.0
2009-12-04,201.11,202.77,190.28,193.32,5.8367,102910200.0,0.0
2009-11-27,203.0,206.0,198.37,200.59,6.0562,49108800.0,0.0
2009-11-20,205.48,208.0,197.76,199.92,6.0359,78751200.0,0.0
2009-11-13,196.94,205.0,196.26,204.45,6.1727,74317600.0,0.0
2009-11-06,189.8,195.19,185.57,194.34,5.8675,84605500.0,0.0
2009-10-30,203.67,206.75,186.0667,188.5,5.6911,119538300.0,0.0
2009-10-23,187.85,208.7099,185.55,203.94,6.1573,160327700.0,0.0
2009-10-16,191.02,192.32,187.84,188.05,5.6776,64876400.0,0.0
2009-10-09,186.2,191.45,184.2701,190.47,5.7506,79477500.0,0.0
2009-10-02,183.87,187.4,180.7,184.9,5.5825,82158400.0,0.0
2009-09-25,184.29,188.9,181.44,182.37,5.5061,85148300.0,0.0
2009-09-18,170.83,186.79,170.25,185.02,5.5861,104095000.0,0.0
2009-09-11,172.98,174.47,169.7,172.16,5.1978,70222500.0,0.0
2009-09-04,168.16,170.7,164.11,170.31,5.142,64757100.0,0.0
2009-08-28,170.12,172.49,164.83,170.05,5.1341,69220200.0,0.0
2009-08-21,163.55,169.37,159.42,169.22,5.109,75961100.0,0.0
2009-08-14,165.66,168.67,161.88,166.78,5.0354,65946600.0,0.0
2009-08-07,165.21,167.39,163.09,165.51,4.997,69364500.0,0.0
2009-07-31,160.17,165.0,157.26,163.39,4.933,73970200.0,0.0
2009-07-24,153.27,160.0,149.75,159.986,4.8303,123204900.0,0.0
2009-07-17,139.54,152.02,137.53,151.75,4.5816,82573600.0,0.0
2009-07-10,138.7,139.68,134.42,138.52,4.1822,83018400.0,0.0
2009-07-02,143.46,144.66,139.79,140.02,4.2274,63803500.0,0.0
2009-06-26,140.67,143.56,132.88,142.44,4.3005,101993000.0,0.0
2009-06-19,136.01,139.5,134.53,139.48,4.2111,99125200.0,0.0
2009-06-12,143.82,144.56,136.04,136.97,4.1354,120898200.0,0.0
2009-06-05,136.47,146.4,136.0,144.67,4.3678,94902600.0,0.0
2009-05-29,124.76,135.9,124.55,135.81,4.1003,79551300.0,0.0
2009-05-22,123.73,129.31,121.57,122.5,3.6985,68778300.0,0.0
2009-05-15,127.37,130.96,119.38,122.42,3.6961,86625200.0,0.0
2009-05-08,128.24,133.5,126.26,129.19,3.9005,88603300.0,0.0
2009-05-01,122.9,127.95,122.66,127.24,3.8416,81809400.0,0.0
2009-04-24,121.73,127.2,118.6,123.9,3.7408,120065700.0,0.0
2009-04-17,120.01,124.25,115.76,123.42,3.7263,83845800.0,0.0
2009-04-09,114.94,120.0,113.28,119.57,3.61,77894000.0,0.0
2009-04-03,104.51,116.13,102.61,115.99,3.5019,111102000.0,0.0
2009-03-27,102.71,109.98,101.75,106.85,3.226,109384000.0,0.0
2009-03-20,96.45,103.48,94.18,101.59,3.0672,127703400.0,0.0
2009-03-13,84.12,97.2,82.57,95.93,2.8963,134234100.0,0.0
2009-03-06,89.31,92.77,82.33,85.3,2.5754,141240000.0,0.0
2009-02-27,91.6,92.92,86.51,89.31,2.6964,134416700.0,0.0
2009-02-20,96.79,97.04,89.0,91.2,2.7535,108433500.0,0.0
2009-02-13,101.165,103.0,95.77,99.16,2.9938,130900400.0,0.0
2009-02-06,89.1,100.0,88.9,99.72,3.0107,121515500.0,0.0
2009-01-30,88.88,95.0,88.3,90.13,2.7212,121996100.0,0.0
2009-01-23,81.93,90.0,78.2,88.36,2.6677,149374400.0,0.0
2009-01-16,90.46,90.99,80.05,82.33,2.4857,189894200.0,0.0
2009-01-09,93.17,97.17,90.04,90.58,2.7348,158725500.0,0.0
2009-01-02,86.52,91.04,84.72,90.75,2.7399,107398500.0,0.0
2008-12-26,90.02,90.03,84.55,85.81,2.5908,73551100.0,0.0
2008-12-19,95.99,96.48,88.02,90.0,2.7173,176373600.0,0.0
2008-12-12,97.28,103.6,92.53,98.27,2.9669,193159900.0,0.0
2008-12-05,91.3,96.23,86.5,94.0,2.838,198083400.0,0.0
2008-11-28,85.21,95.25,84.84,92.67,2.7979,138398600.0,0.0
2008-11-21,88.48,91.58,79.14,82.58,2.4932,243936000.0,0.0
2008-11-14,100.17,100.4,86.02,90.24,2.7245,242381800.0,0.0
2008-11-07,105.93,111.79,95.72,98.24,2.966,218835800.0,0.0
2008-10-31,95.07,112.19,91.86,107.59,3.2483,288990300.0,0.0
2008-10-24,99.78,101.25,90.11,96.38,2.9099,330611700.0,0.0
2008-10-17,104.55,116.4,85.885,97.4,2.9407,315964100.0,0.0
2008-10-10,91.96,101.5,85.0,96.8,2.9226,358236200.0,0.0
2008-10-03,119.62,119.68,94.65,97.07,2.9307,337463800.0,0.0
2008-09-26,139.94,140.25,123.0,128.24,3.8718,189878200.0,0.0
2008-09-19,142.03,147.69,120.68,140.91,4.2543,229573400.0,0.0
2008-09-12,164.57,164.89,146.0,148.94,4.4968,179582500.0,0.0
2008-09-05,172.4,173.5,157.65,160.18,4.8361,108781000.0,0.0
2008-08-29,176.15,176.25,169.0401,169.53,5.1184,87086800.0,0.0
2008-08-22,175.57,177.81,171.81,176.79,5.3376,94804500.0,0.0
2008-08-15,170.07,180.45,169.67,175.74,5.3059,142481500.0,0.0
2008-08-08,156.58,169.65,152.91,169.55,5.119,123524200.0,0.0
2008-08-01,162.18,162.47,153.65,156.66,4.7298,120432300.0,0.0
2008-07-25,166.9,168.37,146.53,162.12,4.8947,206253100.0,0.0
2008-07-18,175.37,179.3,165.0,165.15,4.9862,153565300.0,0.0
2008-07-11,173.0,180.91,171.0,172.58,5.2105,156257800.0,0.0
2008-07-03,170.04,177.45,164.0,170.12,5.1362,112727100.0,0.0
2008-06-27,174.78,178.83,164.15,170.09,5.1353,136572800.0,0.0
2008-06-20,171.25,182.34,169.07,175.27,5.2917,158684700.0,0.0
2008-06-13,184.92,186.78,165.31,172.37,5.2041,237327700.0,0.0
2008-06-06,188.5,189.95,182.3354,185.64,5.6048,138543300.0,0.0
2008-05-30,182.8,189.54,181.84,188.75,5.6987,99687700.0,0.0
2008-05-23,187.9,188.69,172.0,181.17,5.4698,185249300.0,0.0
2008-05-16,185.12,192.24,182.85,187.6201,5.6646,149914300.0,0.0
2008-05-09,181.81,188.2,180.54,183.45,5.5387,160811400.0,0.0
2008-05-02,169.74,181.92,169.13,180.94,5.4629,169995500.0,0.0
2008-04-25,162.35,171.1,158.09,169.73,5.1244,238266300.0,0.0
2008-04-18,146.77,162.26,144.54,161.04,4.8621,145354700.0,0.0
2008-04-11,156.13,159.69,146.4,147.14,4.4424,186137800.0,0.0
2008-04-04,143.27,154.715,142.52,153.08,4.6217,169699500.0,0.0
2008-03-28,134.01,145.74,133.64,143.01,4.3177,179137000.0,0.0
2008-03-20,122.55,134.29,122.55,133.27,4.0237,149894400.0,0.0
2008-03-14,121.98,130.3,119.37,126.61,3.8226,201496600.0,0.0
2008-03-07,124.44,127.5,118.0,122.25,3.6909,260872300.0,0.0
2008-02-29,118.59,132.2,115.44,125.02,3.7746,253947700.0,0.0
2008-02-22,125.99,126.75,115.87,119.46,3.6067,158588500.0,0.0
2008-02-15,128.01,131.0,123.62,124.63,3.7628,187548000.0,0.0
2008-02-08,134.21,135.9,117.27,125.48,3.7885,251887600.0,0.0
2008-02-01,128.16,136.65,126.45,133.75,4.0381,220510600.0,0.0
2008-01-25,148.06,159.98,126.14,130.01,3.9252,334583200.0,0.0
2008-01-18,177.52,179.42,156.7,161.36,4.8717,326420600.0,0.0
2008-01-11,181.25,183.6,168.3,172.69,5.2138,290184000.0,0.0
2008-01-04,199.5,200.5,178.89,180.05,5.436,139871800.0,0.0
2007-12-28,195.03,202.96,194.79,199.83,6.0332,95682500.0,0.0
2007-12-21,190.72,193.9125,178.6,193.91,5.8545,172956900.0,0.0
2007-12-14,193.59,200.0,185.76,190.39,5.7482,164210500.0,0.0
2007-12-07,181.86,194.99,176.99,194.3,5.8663,164055300.0,0.0
2007-11-30,173.59,187.7,170.01,182.22,5.5015,214729500.0,0.0
2007-11-23,166.1,172.35,162.1,171.54,5.1791,156487100.0,0.0
2007-11-16,165.28,177.57,150.63,166.39,5.0236,279592300.0,0.0
2007-11-09,185.29,192.68,165.21,165.37,4.9928,220356800.0,0.0
2007-11-02,185.7,190.12,180.0,187.87,5.6721,147158200.0,0.0
2007-10-26,170.35,188.6,169.9601,184.7,5.5764,229058000.0,0.0
2007-10-19,167.98,174.63,163.5,170.42,5.1453,192458200.0,0.0
2007-10-12,163.49,171.88,153.21,167.2537,5.0497,187141900.0,0.0
2007-10-05,154.63,161.58,152.93,161.4499,4.8745,140074500.0,0.0
2007-09-28,146.73,155.0,146.65,153.47,4.6335,160474300.0,0.0
2007-09-21,138.99,144.65,137.6,144.15,4.3521,168395100.0,0.0
2007-09-14,137.0,139.4,133.75,138.81,4.1909,169499200.0,0.0
2007-09-07,139.94,145.84,130.0,131.77,3.9784,249175100.0,0.0
2007-08-31,133.3907,139.65,126.63,138.48,4.181,191647700.0,0.0
2007-08-24,123.96,135.37,120.5,135.3,4.0849,176671500.0,0.0
2007-08-17,128.33,129.35,111.62,122.06,3.6852,198090100.0,0.0
2007-08-10,132.9,137.24,120.3,125.0,3.774,186405300.0,0.0
2007-08-03,144.33,145.45,127.77,131.8499,3.9808,219691800.0,0.0
2007-07-27,143.31,148.92,134.15,143.85,4.3431,274131900.0,0.0
2007-07-20,138.39,144.18,136.04,143.75,4.3401,153699800.0,0.0
2007-07-13,132.38,137.85,128.81,137.73,4.1583,167314800.0,0.0
2007-07-06,121.05,133.34,119.3,132.3,3.9944,160181800.0,0.0
2007-06-29,124.19,125.09,118.72,122.04,3.6846,187896100.0,0.0
2007-06-22,123.28,125.18,120.72,123.0,3.7136,151788000.0,0.0
2007-06-15,126.0,126.15,115.4,120.5,3.6381,243095100.0,0.0
2007-06-08,118.63,127.61,117.9,124.49,3.7586,217016500.0,0.0
2007-06-01,114.45,122.17,112.69,118.4,3.5747,153802400.0,0.0
2007-05-25,110.31,115.0,110.05,113.62,3.4304,130142800.0,0.0
2007-05-18,109.62,110.64,103.42,110.02,3.3217,146066600.0,0.0
2007-05-11,101.08,109.13,101.01,108.74,3.283,150509500.0,0.0
2007-05-04,100.09,101.6,98.55,100.81,3.0436,93294400.0,0.0
2007-04-27,91.585,102.5,91.3,99.92,3.0168,194995300.0,0.0
2007-04-20,90.57,92.3,89.6,90.97,2.7465,99060400.0,0.0
2007-04-13,95.21,95.3,90.0599,90.24,2.7245,96123000.0,0.0
2007-04-05,94.14,95.23,93.02,94.68,2.8586,68508100.0,0.0
2007-03-30,93.99,96.83,92.23,92.91,2.8051,145202100.0,0.0
2007-03-23,90.24,94.36,89.59,93.52,2.8235,103612500.0,0.0
2007-03-16,88.07,90.6,87.92,89.59,2.7049,125896000.0,0.0
2007-03-09,85.89,88.97,85.76,87.97,2.656,112543500.0,0.0
2007-03-02,89.84,90.0,83.0,85.41,2.5787,177023800.0,0.0
2007-02-23,84.65,90.81,84.16,89.07,2.6892,111754800.0,0.0
2007-02-16,84.43,85.64,83.63,84.83,2.5612,92020300.0,0.0
2007-02-09,84.3,86.51,82.86,83.27,2.5141,144630100.0,0.0
2007-02-02,86.3,86.65,83.7,84.75,2.5587,129342000.0,0.0
2007-01-26,89.14,89.16,84.99,85.38,2.5778,195789700.0,0.0
2007-01-19,95.68,97.6,88.12,88.5,2.672,236407700.0,0.0
2007-01-12,85.96,97.8,85.15,94.62,2.8567,351865300.0,0.0
2007-01-05,86.29,86.58,81.9,85.05,2.5678,104297200.0,0.0
2006-12-29,82.15,85.4,76.77,84.84,2.5615,165098200.0,0.0
2006-12-22,87.625,88.0,81.6,82.2,2.4818,132770600.0,0.0
2006-12-15,88.9,90.0,85.53,87.72,2.6484,141275800.0,0.0
2006-12-08,91.88,92.33,86.9,88.26,2.6647,135702300.0,0.0
2006-12-01,92.51,93.159,89.5,91.32,2.7571,176202100.0,0.0
2006-11-24,85.4,93.08,85.2,91.63,2.7665,85145700.0,0.0
2006-11-17,83.22,86.3,82.64,85.85,2.592,101975600.0,0.0
2006-11-10,78.95,84.69,78.43,83.12,2.5095,105298000.0,0.0
2006-11-03,79.985,81.68,77.79,78.29,2.3637,89641300.0,0.0
2006-10-27,79.99,82.6,79.75,80.41,2.4277,100309200.0,0.0
2006-10-20,75.19,79.99,73.91,79.95,2.4138,152711300.0,0.0
2006-10-13,73.8,76.88,72.6,75.02,2.265,100668500.0,0.0
2006-10-06,75.1,76.16,73.16,74.22,2.2408,124402600.0,0.0
2006-09-29,73.81,77.78,73.72,76.98,2.3242,139347700.0,0.0
2006-09-22,73.8,76.06,72.58,73.0,2.204,132048400.0,0.0
2006-09-15,72.43,74.98,71.42,74.1,2.2372,198697600.0,0.0
2006-09-08,68.97,73.57,68.55,72.52,2.1895,148230000.0,0.0
2006-09-01,68.5,68.65,65.12,68.38,2.0645,119601000.0,0.0
2006-08-25,67.3,69.05,66.15,68.75,2.0757,101378700.0,0.0
2006-08-18,64.05,68.66,63.6,67.91,2.0503,124205700.0,0.0
2006-08-11,67.72,69.6,62.58,63.65,1.9217,166946600.0,0.0
2006-08-04,66.83,70.0,64.96,68.3,2.0621,173188800.0,0.0
2006-07-28,61.26,65.68,60.43,65.59,1.9803,129889500.0,0.0
2006-07-21,51.73,61.59,51.65,60.72,1.8332,224277600.0,0.0
2006-07-14,55.7,56.49,50.16,50.67,1.5298,161594300.0,0.0
2006-07-07,57.52,58.18,54.67,55.4,1.6726,76627900.0,0.0
2006-06-30,59.17,59.22,55.41,57.27,1.7291,124319500.0,0.0
2006-06-23,57.83,60.17,57.0,58.83,1.7762,138095800.0,0.0
2006-06-16,58.83,59.74,56.69,57.56,1.7378,168037500.0,0.0
2006-06-09,61.15,61.56,57.15,59.52,1.797,151987500.0,0.0
2006-06-02,63.29,63.3,58.69,61.66,1.8616,124024100.0,0.0
2006-05-26,63.87,65.19,61.56,63.549,1.9187,115205100.0,0.0
2006-05-19,67.37,68.38,62.82,64.51,1.9477,138015000.0,0.0
2006-05-12,72.99,73.8,66.86,67.7,2.044,108602500.0,0.0
2006-05-05,70.78,72.89,69.16,71.89,2.1705,129763100.0,0.0
2006-04-28,66.92,71.3,65.5,70.39,2.1252,126891500.0,0.0
2006-04-21,66.51,70.0,64.35,67.04,2.0241,180670900.0,0.0
2006-04-13,70.24,70.93,65.81,66.469,2.0068,118478700.0,0.0
2006-04-07,63.66,72.05,61.05,69.79,2.1071,292504700.0,0.0
2006-03-31,60.23,63.61,57.67,62.72,1.8936,251115600.0,0.0
2006-03-24,65.21,65.46,59.03,59.96,1.8103,207018200.0,0.0
2006-03-17,65.61,68.04,64.11,64.66,1.9522,141317300.0,0.0
2006-03-10,67.6,67.72,62.45,63.19,1.9078,152901500.0,0.0
2006-03-03,72.02,72.4,67.53,67.72,2.0446,149463600.0,0.0
2006-02-24,70.63,73.0,68.0,71.46,2.1575,112482400.0,0.0
2006-02-17,66.52,71.01,64.64,70.29,2.1222,168870800.0,0.0
2006-02-10,72.16,72.51,62.9,67.31,2.0322,246569800.0,0.0
2006-02-03,71.28,76.6,70.87,71.847,2.1692,151163400.0,0.0
2006-01-27,76.1,79.56,71.1,72.03,2.1747,200465100.0,0.0
2006-01-20,85.7,86.38,75.83,76.089,2.2973,173816700.0,0.0
2006-01-13,76.73,86.4,75.74,85.5899,2.5841,232350700.0,0.0
2006-01-06,72.332,76.7,72.25,76.3,2.3036,92168500.0,0.0
2005-12-30,74.0,75.18,70.34,71.89,2.1705,75106900.0,0.0
2005-12-23,71.11,74.49,71.04,73.35,2.2146,74450300.0,0.0
2005-12-16,74.87,75.46,70.27,71.11,2.1469,132209300.0,0.0
2005-12-09,71.95,74.83,71.49,74.3305,2.2442,123787400.0,0.0
2005-12-02,70.72,72.74,67.35,72.63,2.1928,150510100.0,0.0
2005-11-25,64.82,69.54,63.72,69.34,2.0935,69030700.0,0.0
2005-11-18,61.54,65.88,60.91,64.56,1.9492,103302000.0,0.0
2005-11-11,60.85,62.11,59.01,61.54,1.858,98440000.0,0.0
2005-11-04,55.2,62.32,54.75,61.15,1.8462,153928900.0,0.0
2005-10-28,55.25,57.56,54.17,54.47,1.6445,103135800.0,0.0
2005-10-21,53.98,56.98,51.21,55.66,1.6805,156771200.0,0.0
2005-10-14,51.84,54.35,47.87,54.0,1.6304,261857300.0,0.0
2005-10-07,54.16,55.35,50.55,51.3,1.5488,110471500.0,0.0
2005-09-30,54.03,54.56,50.59,53.61,1.6186,113653200.0,0.0
2005-09-23,51.05,53.81,51.05,53.2,1.6062,109303300.0,0.0
2005-09-16,51.1,51.63,49.33,51.21,1.5461,86652400.0,0.0
2005-09-09,46.69,51.35,46.55,51.31,1.5491,110713400.0,0.0
2005-09-02,45.27,47.17,45.26,46.22,1.3955,62741400.0,0.0
2005-08-26,46.15,47.12,45.26,45.74,1.381,64025700.0,0.0
2005-08-19,46.48,48.33,45.75,45.83,1.3837,105114400.0,0.0
2005-08-12,43.0,46.22,42.61,46.1,1.3918,75221000.0,0.0
2005-08-05,42.6,43.5,42.02,42.99,1.2979,49310100.0,0.0
2005-07-29,43.99,44.38,42.26,42.65,1.2877,59298600.0,0.0
2005-07-22,41.41,44.04,41.07,44.0,1.3284,86290200.0,0.0
2005-07-15,38.37,42.01,37.78,41.55,1.2545,151585900.0,0.0
2005-07-08,36.6,38.28,36.5,38.25,1.1548,54405500.0,0.0
2005-07-01,36.84,38.1,36.12,36.5,1.102,73829300.0,0.0
2005-06-24,37.85,39.78,37.38,37.76,1.14,78719000.0,0.0
2005-06-17,35.89,38.54,35.75,38.31,1.1566,88955800.0,0.0
2005-06-10,38.33,38.63,35.52,35.81,1.0812,108229500.0,0.0
2005-06-03,40.66,40.76,37.77,38.24,1.1545,78173600.0,0.0
2005-05-27,37.85,40.94,37.85,40.56,1.2246,102627500.0,0.0
2005-05-20,34.56,37.68,34.53,37.55,1.1337,105184800.0,0.0
2005-05-13,37.24,37.45,33.11,34.77,1.0498,161103400.0,0.0
2005-05-06,36.21,37.33,36.02,37.24,1.1243,75873200.0,0.0
2005-04-29,36.49,37.51,35.22,36.06,1.0887,122056900.0,0.0
2005-04-22,35.03,37.74,34.0,35.5,1.0718,176881200.0,0.0
2005-04-15,44.22,44.25,35.28,35.35,1.0673,273426800.0,0.0
2005-04-08,40.99,44.45,40.16,43.74,1.3206,96714900.0,0.0
2005-04-01,42.75,42.96,40.57,40.89,1.2345,86040900.0,0.0
2005-03-24,43.29,43.97,42.02,42.5,1.2831,73395400.0,0.0
2005-03-18,40.52,43.44,39.52,42.96,1.297,126924200.0,0.0
2005-03-11,42.8,43.25,38.83,40.27,1.2158,150160300.0,0.0
2005-03-04,44.68,45.14,41.22,42.81,1.2925,122158100.0,0.0
2005-02-25,86.3,89.91,85.29,88.99,1.3434,89268100.0,0.0
2005-02-18,83.16,90.88,82.05,86.81,1.3105,141154500.0,0.0
2005-02-11,78.93,81.99,76.66,81.21,1.2259,87500100.0,0.0
2005-02-04,74.58,79.91,74.51,78.84,1.1902,83477900.0,0.0
2005-01-28,70.98,73.98,70.55,73.98,1.1168,68717800.0,0.0
2005-01-21,69.74,71.6,69.21,70.49,1.0641,64010900.0,0.0
2005-01-14,69.9,74.42,63.3,70.2,1.0597,199858900.0,0.0
2005-01-07,64.78,69.63,62.6,69.25,1.0454,96468600.0,0.0
2004-12-31,64.64,65.15,62.05,64.4,0.9722,40084600.0,0.0
2004-12-23,65.48,66.0,61.6,64.01,0.9663,54362500.0,0.0
2004-12-17,65.74,67.5,64.6,64.99,0.9811,55691700.0,0.0
2004-12-10,64.31,66.73,62.05,65.15,0.9835,80607100.0,0.0
2004-12-03,69.0,69.57,61.75,62.68,0.9462,103005000.0,0.0
2004-11-26,58.04,65.76,57.9,64.55,0.9744,96796300.0,0.0
2004-11-19,55.08,56.91,54.22,55.17,0.8328,40952300.0,0.0
2004-11-12,54.53,55.69,53.38,55.5,0.8378,41327900.0,0.0
2004-11-05,52.5,56.11,52.04,54.72,0.826,83390800.0,0.0
2004-10-29,47.19,53.2,46.97,52.4,0.791,68839000.0,0.0
2004-10-22,44.79,48.35,44.7,47.41,0.7157,68132600.0,0.0
2004-10-15,38.8,45.75,37.65,45.5,0.6869,102618300.0,0.0
2004-10-08,39.01,40.93,38.4,39.06,0.5896,39498700.0,0.0
2004-10-01,36.97,39.27,36.83,38.67,0.5838,34189800.0,0.0
2004-09-24,36.9,38.87,36.81,37.29,0.5629,32147000.0,0.0
2004-09-17,35.86,37.38,34.78,37.14,0.5607,31673100.0,0.0
2004-09-10,35.4,36.57,35.23,35.87,0.5415,25622100.0,0.0
2004-09-03,34.02,35.99,33.96,35.23,0.5318,32325400.0,0.0
2004-08-27,30.86,35.18,30.6,34.35,0.5185,44269400.0,0.0
2004-08-20,30.88,31.86,30.35,30.8,0.465,32661600.0,0.0
2004-08-13,29.85,31.54,29.81,30.84,0.4656,27116500.0,0.0
2004-08-06,31.18,32.3,29.7,29.78,0.4496,28392900.0,0.0
2004-07-30,30.85,33.0,30.78,32.34,0.4882,28020900.0,0.0
2004-07-23,32.05,32.71,30.48,30.7,0.4634,31533300.0,0.0
2004-07-16,30.01,33.63,28.74,32.2,0.4861,69994700.0,0.0
2004-07-09,31.27,31.42,29.95,30.03,0.4533,21236000.0,0.0
2004-07-02,33.9,34.19,29.73,31.08,0.4692,48880700.0,0.0
2004-06-25,33.1,33.83,32.12,33.7,0.5087,30670300.0,0.0
2004-06-18,30.65,33.409,29.5,32.91,0.4968,45639900.0,0.0
2004-06-10,29.04,30.97,28.81,30.74,0.464,23540700.0,0.0
2004-06-04,27.79,29.25,27.61,28.78,0.4345,20551600.0,0.0
2004-05-28,27.25,28.78,27.11,28.06,0.4236,22490000.0,0.0
2004-05-21,26.7,27.5,26.36,27.11,0.4092,22469500.0,0.0
2004-05-14,26.27,27.72,25.94,27.06,0.4085,23004000.0,0.0
2004-05-07,26.0,27.57,25.5,26.67,0.4026,26755700.0,0.0
2004-04-30,27.58,27.635,25.49,25.78,0.3892,29883100.0,0.0
2004-04-23,28.12,28.75,27.05,27.7,0.4182,36663600.0,0.0
2004-04-16,27.5,29.58,26.31,29.18,0.4405,61983000.0,0.0
2004-04-08,27.48,28.37,26.92,27.53,0.4156,20351800.0,0.0
2004-04-02,27.4,27.99,26.62,27.5,0.4151,30249800.0,0.0
2004-03-26,25.37,27.36,25.22,27.04,0.4082,39626800.0,0.0
2004-03-19,27.03,27.35,25.39,25.86,0.3904,39790000.0,0.0
2004-03-12,26.79,28.14,25.75,27.56,0.416,54879900.0,0.0
2004-03-05,24.09,27.49,23.6,26.74,0.4037,53648600.0,0.0
2004-02-27,22.45,24.02,21.8899,23.92,0.3611,24940300.0,0.0
2004-02-20,23.1,23.64,22.21,22.4,0.3381,16308500.0,0.0
2004-02-13,22.62,24.1,22.44,23.0,0.3472,23073500.0,0.0
2004-02-06,22.46,22.91,21.7,22.71,0.3428,23571100.0,0.0
2004-01-30,22.46,23.38,22.19,22.56,0.3406,22352500.0,0.0
2004-01-23,22.67,22.97,22.18,22.56,0.3406,17406800.0,0.0
2004-01-16,23.16,24.84,22.5,22.72,0.343,56743500.0,0.0
2004-01-09,21.42,24.13,21.42,23.0,0.3472,42482200.0,0.0
2004-01-02,20.91,21.75,20.86,21.28,0.3212,13525100.0,0.0
2003-12-26,19.65,20.91,19.25,20.78,0.3137,17263100.0,0.0
2003-12-19,21.49,21.49,19.62,19.7,0.2974,32528600.0,0.0
2003-12-12,20.78,21.34,19.96,20.89,0.3154,16616600.0,0.0
2003-12-05,21.04,21.9,20.73,20.85,0.3147,20040100.0,0.0
2003-11-28,20.5,21.27,20.249,20.91,0.3157,17351900.0,0.0
2003-11-21,21.35,21.37,19.85,20.28,0.3061,23597500.0,0.0
2003-11-14,22.45,22.72,21.28,21.46,0.324,21413800.0,0.0
2003-11-07,22.83,23.3,22.45,22.5,0.3397,26460100.0,0.0
2003-10-31,22.75,24.0,22.4,22.89,0.3455,20705700.0,0.0
2003-10-24,22.6,23.4,22.23,22.6,0.3412,17897500.0,0.0
2003-10-17,23.73,25.011,22.41,22.75,0.3434,44658600.0,0.0
2003-10-10,21.67,23.81,21.58,23.68,0.3575,29245700.0,0.0
2003-10-03,21.49,21.86,20.19,21.69,0.3274,24837500.0,0.0
2003-09-26,22.18,22.5,20.149,20.69,0.3123,27414100.0,0.0
2003-09-19,22.81,23.05,21.855,22.58,0.3409,22216300.0,0.0
2003-09-12,22.48,23.14,22.1,23.1,0.3487,17253200.0,0.0
2003-09-05,22.66,23.32,22.4,22.5,0.3397,16979900.0,0.0
2003-08-29,20.78,22.85,20.35,22.61,0.3413,19843300.0,0.0
2003-08-22,19.86,22.0,19.72,20.88,0.3152,19736900.0,0.0
2003-08-15,19.82,20.34,19.46,19.71,0.2975,16150200.0,0.0
2003-08-08,20.53,21.5,19.42,19.64,0.2965,18518900.0,0.0
2003-08-01,21.5,21.505,20.17,20.73,0.3129,17716800.0,0.0
2003-07-25,20.69,21.57,20.2999,21.54,0.3252,17342700.0,0.0
2003-07-18,20.01,21.18,19.38,20.859,0.3149,30286300.0,0.0
2003-07-11,19.27,20.5,19.13,19.85,0.2997,19008000.0,0.0
2003-07-03,18.68,19.55,18.51,19.13,0.2888,15468100.0,0.0
2003-06-27,19.301,19.69,18.48,18.73,0.2827,29983100.0,0.0
2003-06-20,17.6,19.61,17.45,19.2,0.2898,28733000.0,0.0
2003-06-13,16.94,17.95,16.63,17.42,0.263,19741900.0,0.0
2003-06-06,18.1,18.29,17.02,17.15,0.2589,26741700.0,0.0
2003-05-30,17.96,18.9,17.53,17.95,0.271,24041500.0,0.0
2003-05-23,18.53,18.65,17.6,18.32,0.2766,27719600.0,0.0
2003-05-16,18.15,19.0,17.95,18.8,0.2838,33005000.0,0.0
2003-05-09,14.77,18.4,14.75,18.3,0.2763,96441100.0,0.0
2003-05-02,13.48,14.59,13.43,14.45,0.2181,39592000.0,0.0
2003-04-25,13.13,13.63,12.98,13.35,0.2015,21303500.0,0.0
2003-04-17,13.71,13.75,12.72,13.12,0.1981,43560000.0,0.0
2003-04-11,14.85,14.95,12.93,13.2,0.1993,35220200.0,0.0
2003-04-04,14.34,14.7,14.04,14.41,0.2175,15609000.0,0.0
2003-03-28,14.67,14.83,14.3,14.57,0.2199,13836400.0,0.0
2003-03-21,14.89,15.15,14.6,15.0,0.2264,22006000.0,0.0
2003-03-14,14.51,15.01,14.06,14.78,0.2231,17979800.0,0.0
2003-03-07,15.01,15.16,14.31,14.53,0.2193,13530400.0,0.0
2003-02-28,14.86,15.09,13.8,15.01,0.2266,16704100.0,0.0
2003-02-21,14.75,15.3,14.65,15.0,0.2264,16304700.0,0.0
2003-02-14,14.26,14.72,14.06,14.67,0.2215,18091900.0,0.0
2003-02-07,14.41,14.93,14.07,14.15,0.2136,22369000.0,0.0
2003-01-31,13.68,15.07,13.65,14.36,0.2168,32124800.0,0.0
2003-01-24,14.21,14.41,13.56,13.8,0.2083,17898600.0,0.0
2003-01-17,14.9,14.9,14.08,14.1,0.2129,27906500.0,0.0
2003-01-10,15.03,15.38,14.44,14.72,0.2222,24158500.0,0.0
2003-01-03,14.08,14.93,13.84,14.9,0.2249,12225900.0,0.0
2002-12-27,14.16,14.81,14.01,14.06,0.2122,5904000.0,0.0
2002-12-20,14.81,15.19,13.78,14.14,0.2135,23046500.0,0.0
2002-12-13,14.94,15.55,14.65,14.79,0.2233,19862800.0,0.0
2002-12-06,15.9,16.1,14.5,14.95,0.2257,25734400.0,0.0
2002-11-29,16.03,16.14,15.27,15.5,0.234,15534300.0,0.0
2002-11-22,16.19,16.44,15.01,16.01,0.2417,21975200.0,0.0
2002-11-15,15.75,16.41,15.12,15.95,0.2408,16271700.0,0.0
2002-11-08,16.5,17.38,15.52,15.84,0.2391,23752600.0,0.0
2002-11-01,15.55,16.5,14.96,16.36,0.247,24371800.0,0.0
2002-10-25,14.26,15.45,14.0,15.42,0.2328,19991500.0,0.0
2002-10-18,14.55,15.25,13.93,14.34,0.2165,29734700.0,0.0
2002-10-11,13.97,14.78,13.36,14.51,0.219,29844300.0,0.0
2002-10-04,14.4,14.63,14.0,14.03,0.2118,21753400.0,0.0
2002-09-27,14.76,15.19,14.4,14.72,0.2222,21140200.0,0.0
2002-09-20,14.14,15.09,14.12,14.87,0.2245,28607400.0,0.0
2002-09-13,14.28,14.6,14.05,14.17,0.2139,20766200.0,0.0
2002-09-06,14.49,14.78,14.05,14.38,0.2171,19738700.0,0.0
2002-08-30,15.95,15.95,14.51,14.75,0.2227,18890400.0,0.0
2002-08-23,15.78,16.25,15.45,15.73,0.2375,18342300.0,0.0
2002-08-16,14.9,16.1,14.54,15.81,0.2387,25286100.0,0.0
2002-08-09,14.51,15.38,13.97,15.0,0.2264,22189600.0,0.0
2002-08-02,14.48,15.51,14.25,14.45,0.2181,24080600.0,0.0
2002-07-26,14.75,15.22,13.8,14.34,0.2165,34365000.0,0.0
2002-07-19,17.43,18.6,14.53,14.96,0.2258,51837800.0,0.0
2002-07-12,18.52,18.79,16.97,17.5,0.2642,26107200.0,0.0
2002-07-05,17.71,18.75,16.75,18.74,0.2829,15867100.0,0.0
2002-06-28,16.77,17.82,15.98,17.72,0.2675,32385800.0,0.0
2002-06-21,20.24,20.63,16.79,16.85,0.2544,57665200.0,0.0
2002-06-14,21.48,21.84,18.11,20.1,0.3034,34513800.0,0.0
2002-06-07,23.39,23.45,20.93,21.4,0.3231,30935500.0,0.0
2002-05-31,23.69,24.44,23.28,23.3,0.3517,16667500.0,0.0
2002-05-24,24.57,25.24,23.32,24.15,0.3646,24595600.0,0.0
2002-05-17,23.52,25.98,22.94,25.01,0.3775,28419400.0,0.0
2002-05-10,23.35,24.52,22.14,23.32,0.352,24805500.0,0.0
2002-05-03,23.16,24.38,23.09,23.51,0.3549,22108600.0,0.0
2002-04-26,24.84,24.93,23.0,23.01,0.3474,20402300.0,0.0
2002-04-19,25.06,26.17,24.8,24.98,0.3771,37273500.0,0.0
2002-04-12,24.16,25.2,23.78,25.06,0.3783,25098600.0,0.0
2002-04-05,24.7,25.19,23.28,24.74,0.3735,22039600.0,0.0
2002-03-28,24.07,24.09,23.0,23.67,0.3573,13514800.0,0.0
2002-03-22,24.95,25.3,23.26,24.09,0.3637,29638700.0,0.0
2002-03-15,24.6,25.14,23.88,24.95,0.3766,20996500.0,0.0
2002-03-08,23.26,25.09,22.76,24.66,0.3723,24592700.0,0.0
2002-03-01,22.85,24.72,20.94,23.45,0.354,45054800.0,0.0
2002-02-22,23.76,23.9,21.45,22.74,0.3433,27302300.0,0.0
2002-02-15,23.93,25.24,23.74,23.9,0.3608,26002000.0,0.0
2002-02-08,24.32,25.98,23.37,24.03,0.3628,40714300.0,0.0
2002-02-01,23.4,24.96,22.72,24.41,0.3685,31519600.0,0.0
2002-01-25,22.27,23.51,21.59,23.25,0.351,23223400.0,0.0
2002-01-18,21.01,22.74,20.5,22.17,0.3347,40582100.0,0.0
2002-01-11,23.72,24.0,20.26,21.05,0.3178,36142800.0,0.0
2002-01-04,22.51,23.95,21.83,23.69,0.3576,30165400.0,0.0
2001-12-28,20.9,23.0,20.9,22.43,0.3386,12279700.0,0.0
2001-12-21,20.4,21.68,20.19,21.0,0.317,21001900.0,0.0
2001-12-14,22.29,22.99,20.09,20.39,0.3078,17065600.0,0.0
2001-12-07,21.06,24.03,20.6,22.54,0.3403,29868100.0,0.0
2001-11-30,19.94,21.55,19.88,21.3,0.3215,26545200.0,0.0
2001-11-23,19.0,20.2,18.96,19.84,0.2995,15549300.0,0.0
2001-11-16,18.66,19.9,17.96,18.97,0.2864,19482400.0,0.0
2001-11-09,18.84,20.13,18.53,18.71,0.2824,25200700.0,0.0
2001-11-02,18.57,18.86,17.06,18.57,0.2803,23212400.0,0.0
2001-10-26,18.21,19.42,17.75,18.67,0.2818,35451100.0,0.0
2001-10-19,17.95,18.41,16.96,18.3,0.2763,28332200.0,0.0
2001-10-12,15.57,18.08,15.5,18.01,0.2719,23424000.0,0.0
2001-10-05,15.49,16.25,14.83,16.14,0.2436,33409700.0,0.0
2001-09-28,16.11,16.84,14.93,15.51,0.2341,33037300.0,0.0
2001-09-21,16.0,17.72,14.68,15.73,0.2375,38216400.0,0.0
2001-09-10,17.0,17.5,16.92,17.37,0.2622,5515100.0,0.0
2001-09-07,18.5,19.08,17.2,17.28,0.2609,22008400.0,0.0
2001-08-31,18.6,19.3,17.28,18.55,0.28,20945500.0,0.0
2001-08-24,18.14,18.62,17.58,18.57,0.2803,19989100.0,0.0
2001-08-17,19.1,19.36,17.97,18.07,0.2728,20763300.0,0.0
2001-08-10,19.04,19.7,18.54,19.02,0.2871,16642800.0,0.0
2001-08-03,19.12,19.9,18.51,19.5,0.2944,21797600.0,0.0
2001-07-27,20.09,20.5,17.85,18.96,0.2862,31015900.0,0.0
2001-07-20,24.88,25.22,19.49,19.98,0.3016,60164900.0,0.0
2001-07-13,22.09,25.01,20.84,24.85,0.3751,40585500.0,0.0
2001-07-06,23.64,24.23,21.72,22.03,0.3326,14246500.0,0.0
2001-06-29,22.5,25.1,22.45,23.25,0.351,34826100.0,0.0
2001-06-22,20.41,23.0,19.98,22.26,0.336,30821000.0,0.0
2001-06-15,21.05,21.73,19.35,20.44,0.3086,33236700.0,0.0
2001-06-08,21.08,21.7,20.33,21.32,0.3218,29369600.0,0.0
2001-06-01,22.32,22.5,19.3,20.89,0.3154,39143500.0,0.0
2001-05-25,23.63,24.13,22.5,22.76,0.3436,28311700.0,0.0
2001-05-18,22.89,25.5,22.75,23.53,0.3552,24281200.0,0.0
2001-05-11,25.62,25.76,22.76,22.85,0.3449,25158900.0,0.0
2001-05-04,26.7,27.12,23.96,25.75,0.3887,33449100.0,0.0
2001-04-27,24.34,26.29,23.51,26.2,0.3955,44681300.0,0.0
2001-04-20,22.09,25.75,19.6,25.04,0.378,82827500.0,0.0
2001-04-12,20.69,23.02,20.06,22.42,0.3384,24231900.0,0.0
2001-04-06,22.09,22.66,18.75,20.59,0.3108,38691700.0,0.0
2001-03-30,23.13,23.75,21.13,22.07,0.3332,51363400.0,0.0
2001-03-23,19.75,23.56,19.37,23.0,0.3472,51692500.0,0.0
2001-03-16,19.69,21.37,18.12,19.62,0.2962,41281400.0,0.0
2001-03-09,19.37,22.06,19.25,20.25,0.3057,35348400.0,0.0
2001-03-02,19.06,20.44,17.19,19.25,0.2906,32140200.0,0.0
2001-02-23,19.19,19.94,18.0,18.81,0.284,25553200.0,0.0
2001-02-16,19.06,20.56,18.5,19.0,0.2868,24922100.0,0.0
2001-02-09,20.5,21.39,18.69,19.12,0.2886,41730800.0,0.0
2001-02-02,19.56,22.5,19.56,20.62,0.3113,54923100.0,0.0
2001-01-26,19.06,20.94,18.44,19.56,0.2953,55151400.0,0.0
2001-01-19,17.44,19.56,16.5,19.5,0.2944,56261900.0,0.0
2001-01-12,16.94,18.5,15.94,17.19,0.2595,49473600.0,0.0
2001-01-05,14.88,18.5,14.44,16.37,0.2471,43234600.0,0.0
2000-12-29,14.88,15.0,14.19,14.88,0.2246,26389200.0,0.0
2000-12-22,14.56,15.25,13.63,15.0,0.2264,34822200.0,0.0
2000-12-15,15.19,16.0,14.0,14.06,0.2122,32873600.0,0.0
2000-12-08,17.19,17.44,14.0,15.06,0.2273,57223300.0,0.0
2000-12-01,19.87,19.94,16.12,17.06,0.2575,39560200.0,0.0
2000-11-24,18.59,19.5,18.25,19.31,0.2915,20562200.0,0.0
2000-11-17,18.75,20.5,18.25,18.5,0.2793,32298700.0,0.0
2000-11-10,22.44,22.62,19.06,19.06,0.2877,36011000.0,0.0
2000-11-03,19.12,23.0,18.75,22.25,0.3359,57267000.0,0.0
2000-10-27,20.27,20.87,17.5,18.56,0.2802,62251200.0,0.0
2000-10-20,22.31,23.25,18.31,19.5,0.2944,81324100.0,0.0
2000-10-13,22.62,22.87,19.12,22.06,0.333,87962600.0,0.0
2000-10-06,26.69,26.75,21.0,22.19,0.335,132403500.0,0.0
2000-09-29,52.75,55.5,25.37,25.75,0.3887,170178100.0,0.0
2000-09-22,55.25,61.44,50.0,52.19,0.7879,38582600.0,0.0
2000-09-15,58.69,60.38,54.25,55.23,0.8337,26829100.0,0.0
2000-09-08,62.66,64.12,57.75,58.88,0.8888,19054100.0,0.0
2000-09-01,57.25,63.63,57.06,63.44,0.9577,28355300.0,0.0
2000-08-25,50.25,57.5,49.63,56.81,0.8576,23095700.0,0.0
2000-08-18,47.59,52.44,46.31,50.0,0.7548,15635900.0,0.0
2000-08-11,47.88,49.06,45.56,47.69,0.7199,22025600.0,0.0
2000-08-04,49.16,51.63,44.25,47.38,0.7152,18892100.0,0.0
2000-07-28,52.56,53.25,46.88,48.31,0.7293,24413000.0,0.0
2000-07-21,58.25,58.88,51.75,53.56,0.8085,30323000.0,0.0
2000-07-14,54.09,60.63,53.75,57.69,0.8709,28876100.0,0.0
2000-07-07,52.13,55.19,49.63,54.44,0.8218,16235600.0,0.0
2000-06-30,52.5,55.5,51.06,52.38,0.7907,21464500.0,0.0
2000-06-23,90.56,103.94,50.31,51.69,0.7803,24381700.0,0.0
2000-06-16,96.37,96.44,88.19,91.19,0.6883,13137300.0,0.0
2000-06-09,93.31,98.5,89.69,95.75,0.7227,14973700.0,0.0
2000-06-02,87.62,99.75,80.37,92.56,0.6986,25386200.0,0.0
2000-05-26,93.75,93.75,83.0,86.37,0.6519,22673700.0,0.0
2000-05-19,108.06,109.06,93.37,94.0,0.7095,23499300.0,0.0
2000-05-12,112.09,113.69,98.75,107.62,0.8123,16551700.0,0.0
2000-05-05,124.87,126.25,110.56,113.12,0.8538,14607300.0,0.0
2000-04-28,115.0,128.75,114.75,124.06,0.9364,15878200.0,0.0
2000-04-20,109.5,130.25,109.06,118.87,0.8972,18238900.0,0.0
2000-04-14,131.69,132.75,104.87,111.87,0.8444,25827400.0,0.0
2000-04-07,135.5,139.5,116.75,131.75,0.9944,17398400.0,0.0
2000-03-31,137.63,144.75,125.44,135.81,1.0251,13759100.0,0.0
2000-03-24,123.5,150.38,121.62,138.69,1.0468,20591900.0,0.0
2000-03-17,122.12,126.5,114.0,125.0,0.9435,16600800.0,0.0
2000-03-10,126.0,129.13,118.25,125.75,0.9492,11429700.0,0.0
2000-03-03,110.12,132.06,108.37,128.0,0.9661,21508200.0,0.0
2000-02-25,110.12,119.12,106.69,110.37,0.8331,13580100.0,0.0
2000-02-18,109.31,119.94,108.62,111.25,0.8397,15664900.0,0.0
2000-02-11,108.0,117.12,105.94,108.75,0.8208,14859900.0,0.0
2000-02-04,101.0,110.0,94.5,108.0,0.8152,21289500.0,0.0
2000-01-28,108.44,114.19,100.62,101.62,0.767,18470300.0,0.0
2000-01-21,101.0,121.5,100.44,111.31,0.8402,30213200.0,0.0
2000-01-14,102.0,102.25,86.5,100.44,0.7581,29872700.0,0.0
2000-01-07,104.87,112.5,95.0,99.5,0.751,27278600.0,0.0
1999-12-31,104.37,104.44,95.0,102.81,0.776,9566300.0,0.0
1999-12-23,99.56,104.56,96.62,103.5,0.7812,10251700.0,0.0
1999-12-17,102.39,102.5,91.06,100.0,0.7548,22746800.0,0.0
1999-12-10,114.56,118.0,99.0,103.0,0.7774,25152800.0,0.0
1999-12-03,94.25,115.56,93.25,115.0,0.868,28046300.0,0.0
1999-11-26,91.75,95.5,88.5,95.06,0.7175,9757600.0,0.0
1999-11-19,89.62,94.75,88.06,92.44,0.6977,13711000.0,0.0
1999-11-12,87.75,97.73,86.75,90.62,0.684,25776200.0,0.0
